date,hour,trip_count,avg_duration_min
2024-01-01,5,74,17.423144144144146
2024-01-01,6,122,20.416603415300546
2024-01-01,7,145,19.09609632183908
2024-01-01,8,121,16.149840220385673
2024-01-01,9,67,17.229025870646765
2024-01-01,10,37,15.218726126126125
2024-01-01,11,28,16.358991071428573
2024-01-01,12,18,12.002627777777779
2024-01-01,13,22,14.89250606060606
2024-01-01,14,29,19.961385057471265
2024-01-01,15,33,16.849352020202023
2024-01-01,16,58,20.20192643678161
2024-01-01,17,62,16.561413978494624
2024-01-01,18,83,20.823799799196788
2024-01-01,19,100,23.716597333333333
2024-01-01,20,97,19.145678006872853
2024-01-01,21,66,14.690008333333333
2024-01-01,22,95,17.32962052631579
2024-01-01,23,53,19.349985220125784
2024-01-02,0,54,18.126650308641974
2024-01-02,1,37,17.697298198198197
2024-01-02,2,37,12.006124324324324
2024-01-02,3,28,14.710678571428572
2024-01-02,4,24,11.385
2024-01-02,5,14,8.65945
2024-01-02,6,8,11.846118749999999
2024-01-02,7,4,10.158379166666666
2024-01-02,8,5,17.40455
2024-01-02,9,4,11.416337500000001
2024-01-02,10,7,8.926730952380952
2024-01-02,11,19,14.79662456140351
2024-01-02,12,55,12.90307787878788
2024-01-02,13,117,12.874780484330483
2024-01-02,14,69,11.25664927536232
2024-01-02,15,63,11.79267619047619
2024-01-02,16,102,14.818184967320262
2024-01-02,17,100,13.857976666666666
2024-01-02,18,144,13.786039004629629
2024-01-02,19,136,14.564736642156863
2024-01-02,20,163,16.13293445807771
2024-01-02,21,164,15.475037601626017
2024-01-02,22,223,14.312119133034379
2024-01-02,23,137,15.036827493917276
2024-01-03,0,105,13.656682222222223
2024-01-03,1,96,15.826357465277779
2024-01-03,2,82,12.930402439024391
2024-01-03,3,58,13.498761206896551
2024-01-03,4,39,14.49541111111111
2024-01-03,5,20,11.575699166666666
2024-01-03,6,26,13.624969871794873
2024-01-03,7,10,14.875691666666665
2024-01-03,8,11,11.314527272727274
2024-01-03,9,6,14.834647222222223
2024-01-03,10,15,11.940201111111111
2024-01-03,11,44,14.75295
2024-01-03,12,104,13.886995512820514
2024-01-03,13,179,14.198080167597764
2024-01-03,14,132,13.466679545454545
2024-01-03,15,100,17.181529666666666
2024-01-03,16,111,13.372773423423425
2024-01-03,17,160,14.097401354166667
2024-01-03,18,148,14.542521846846848
2024-01-03,19,138,15.450173792270531
2024-01-03,20,171,15.833163450292398
2024-01-03,21,254,13.552648490813647
2024-01-03,22,300,15.096573000000001
2024-01-03,23,218,12.86073256880734
2024-01-04,0,156,13.101686965811966
2024-01-04,1,118,14.00096638418079
2024-01-04,2,100,12.240456166666668
2024-01-04,3,63,13.773309523809525
2024-01-04,4,51,11.182559803921569
2024-01-04,5,37,10.609964414414414
2024-01-04,6,20,17.238753333333335
2024-01-04,7,15,14.128128888888888
2024-01-04,8,2,8.9573
2024-01-04,9,5,8.126836666666666
2024-01-04,10,15,12.192309999999999
2024-01-04,11,42,13.42186507936508
2024-01-04,12,101,14.21573795379538
2024-01-04,13,172,14.129370833333333
2024-01-04,14,127,12.32081719160105
2024-01-04,15,95,13.430150350877193
2024-01-04,16,108,15.57785462962963
2024-01-04,17,139,14.047635011990405
2024-01-04,18,137,16.373625669099756
2024-01-04,19,139,13.960084772182254
2024-01-04,20,139,15.007593285371703
2024-01-04,21,210,14.844158253968255
2024-01-04,22,230,14.84530347826087
2024-01-04,23,177,13.054887947269302
2024-01-05,0,114,13.833538304093569
2024-01-05,1,80,14.293116041666668
2024-01-05,2,55,13.834534242424244
2024-01-05,3,49,12.687888435374148
2024-01-05,4,42,10.267907936507935
2024-01-05,5,20,9.455671666666666
2024-01-05,6,15,11.296192222222222
2024-01-05,7,19,13.479772807017543
2024-01-05,8,5,17.465773333333335
2024-01-05,9,3,14.870144444444444
2024-01-05,10,6,11.161930555555557
2024-01-05,11,37,12.846990990990989
2024-01-05,12,70,12.783908333333335
2024-01-05,13,133,12.261915162907268
2024-01-05,14,93,11.42322329749104
2024-01-05,15,75,11.490971333333334
2024-01-05,16,99,14.88029865319865
2024-01-05,17,111,13.299890090090091
2024-01-05,18,109,14.150049694189601
2024-01-05,19,137,14.724301459854015
2024-01-05,20,159,14.221888888888888
2024-01-05,21,154,16.130464393939395
2024-01-05,22,181,13.133769429097605
2024-01-05,23,150,15.971872
2024-01-06,0,95,14.899955263157896
2024-01-06,1,80,13.589543125
2024-01-06,2,71,14.427380046948358
2024-01-06,3,62,14.790211559139784
2024-01-06,4,57,13.184478362573099
2024-01-06,5,32,12.468203124999999
2024-01-06,6,35,16.744885714285715
2024-01-06,7,19,16.581477192982458
2024-01-06,8,30,15.541952222222221
2024-01-06,9,6,21.48165555555555
2024-01-06,10,11,9.8317
2024-01-06,11,16,7.9947083333333335
2024-01-06,12,23,11.455120289855072
2024-01-06,13,29,10.435849425287357
2024-01-06,14,65,9.618826666666667
2024-01-06,15,92,9.889561231884057
2024-01-06,16,109,13.191049694189603
2024-01-06,17,105,15.004629523809525
2024-01-06,18,121,15.367244077134986
2024-01-06,19,118,15.731046327683616
2024-01-06,20,138,12.272169806763285
2024-01-06,21,109,13.352602599388378
2024-01-06,22,111,15.032874924924926
2024-01-06,23,73,15.242262100456621
2024-01-07,0,54,13.578163271604938
2024-01-07,1,41,15.190043902439024
2024-01-07,2,30,12.603647777777777
2024-01-07,3,27,16.86878148148148
2024-01-07,4,30,14.607724999999999
2024-01-07,5,22,15.475400757575757
2024-01-07,6,10,20.364703333333335
2024-01-07,7,12,13.95842222222222
2024-01-07,8,8,16.464320833333336
2024-01-07,9,5,16.43686
2024-01-07,10,3,14.769588888888888
2024-01-07,11,4,9.1458
2024-01-07,12,11,17.26184696969697
2024-01-07,13,14,12.09044880952381
2024-01-07,14,24,16.163270833333332
2024-01-07,15,21,17.44205793650794
2024-01-07,16,29,19.017612068965516
2024-01-07,17,39,16.73804401709402
2024-01-07,18,43,16.6752003875969
2024-01-07,19,36,14.6991
2024-01-07,20,52,15.944933653846153
2024-01-07,21,43,15.098422093023258
2024-01-07,22,44,17.239539015151514
2024-01-07,23,43,20.721543410852714
2024-01-08,0,28,13.3079125
2024-01-08,1,17,14.132623529411763
2024-01-08,2,15,17.350942222222223
2024-01-08,3,19,15.042233333333334
2024-01-08,4,19,13.751799122807016
2024-01-08,5,13,20.23026666666667
2024-01-08,6,5,9.077543333333335
2024-01-08,7,6,10.299705555555555
2024-01-08,8,5,11.824946666666666
2024-01-08,9,3,12.113005555555555
2024-01-08,10,9,10.872114814814815
2024-01-08,11,38,17.479060526315788
2024-01-08,12,76,15.862843201754387
2024-01-08,13,151,16.687222958057397
2024-01-08,14,77,12.666296536796537
2024-01-08,15,43,12.499251937984496
2024-01-08,16,55,13.510401515151516
2024-01-08,17,91,17.347307142857144
2024-01-08,18,99,15.885975925925925
2024-01-08,19,79,13.757065189873419
2024-01-08,20,107,12.950890498442366
2024-01-08,21,164,17.302990345528453
2024-01-08,22,222,16.74264159159159
2024-01-08,23,144,16.28997696759259
2024-01-09,0,111,16.112544294294295
2024-01-09,1,100,14.918907833333332
2024-01-09,2,61,16.50780300546448
2024-01-09,3,54,13.581612345679012
2024-01-09,4,27,10.842327777777777
2024-01-09,5,8,13.998379166666666
2024-01-09,6,10,12.508046666666667
2024-01-09,7,3,19.67867222222222
2024-01-09,8,6,8.411002777777778
2024-01-09,9,3,16.187099999999997
2024-01-09,10,14,11.769428571428573
2024-01-09,11,48,15.19103923611111
2024-01-09,12,146,15.991657420091324
2024-01-09,13,262,15.771645610687024
2024-01-09,14,131,12.010750254452924
2024-01-09,15,72,12.753048148148148
2024-01-09,16,66,14.777274747474747
2024-01-09,17,99,15.562554377104375
2024-01-09,18,90,14.836037592592593
2024-01-09,19,83,13.626466465863455
2024-01-09,20,105,16.812800952380954
2024-01-09,21,105,21.190952539682538
2024-01-09,22,141,19.203619503546097
2024-01-09,23,66,18.784770454545455
2024-01-10,0,38,19.335224122807016
2024-01-10,1,32,14.781075
2024-01-10,2,12,17.613381944444445
2024-01-10,3,15,14.586871111111112
2024-01-10,4,25,19.488912666666668
2024-01-10,5,4,12.05695
2024-01-10,6,5,14.745493333333332
2024-01-10,7,5,16.89232
2024-01-10,8,2,13.705375
2024-01-10,9,6,15.942547222222222
2024-01-10,10,6,7.504525
2024-01-10,11,17,11.372089215686273
2024-01-10,12,51,14.862762091503267
2024-01-10,13,87,13.073702298850575
2024-01-10,14,70,11.665336666666667
2024-01-10,15,41,13.017669918699188
2024-01-10,16,66,13.388377272727274
2024-01-10,17,89,16.39375243445693
2024-01-10,18,95,14.844498070175439
2024-01-10,19,91,15.35634597069597
2024-01-10,20,100,15.256183833333331
2024-01-10,21,144,16.06882858796296
2024-01-10,22,253,14.754676284584981
2024-01-10,23,175,13.890864857142857
2024-01-11,0,133,13.370766290726818
2024-01-11,1,108,13.470171296296295
2024-01-11,2,93,12.303075985663082
2024-01-11,3,49,12.3847731292517
2024-01-11,4,31,15.372739784946237
2024-01-11,5,12,12.809941666666667
2024-01-11,6,9,9.54949074074074
2024-01-11,7,3,6.938205555555555
2024-01-11,8,6,18.643275
2024-01-11,9,5,10.084783333333334
2024-01-11,10,10,9.423886666666666
2024-01-11,11,45,14.830095925925926
2024-01-11,12,143,16.718285664335667
2024-01-11,13,272,15.752400735294119
2024-01-11,14,128,13.597717578125001
2024-01-11,15,91,11.969060256410257
2024-01-11,16,84,14.107714087301588
2024-01-11,17,107,15.260416666666668
2024-01-11,18,97,13.170204123711338
2024-01-11,19,86,15.984262015503875
2024-01-11,20,118,15.577968644067797
2024-01-11,21,184,17.85733704710145
2024-01-11,22,204,17.275954330065357
2024-01-11,23,150,17.169660555555556
2024-01-12,0,118,14.98088757062147
2024-01-12,1,74,15.409593468468467
2024-01-12,2,75,15.094056444444444
2024-01-12,3,60,14.460915277777778
2024-01-12,4,38,13.891036403508771
2024-01-12,5,30,10.799332222222223
2024-01-12,6,12,18.24591805555556
2024-01-12,7,15,17.81594888888889
2024-01-12,8,10,13.579606666666667
2024-01-12,9,6,14.838369444444444
2024-01-12,10,15,13.667503333333334
2024-01-12,11,33,13.585451515151515
2024-01-12,12,93,14.2630394265233
2024-01-12,13,192,15.556883767361109
2024-01-12,14,98,11.773496598639454
2024-01-12,15,69,13.429640579710144
2024-01-12,16,81,14.895934567901234
2024-01-12,17,135,15.579795061728396
2024-01-12,18,106,16.095237578616352
2024-01-12,19,131,15.510620101781171
2024-01-12,20,157,14.249705732484077
2024-01-12,21,207,15.15644959742351
2024-01-12,22,186,16.078405017921146
2024-01-12,23,187,15.85392156862745
2024-01-13,0,153,15.998258387799563
2024-01-13,1,86,14.520568798449613
2024-01-13,2,80,12.766238541666667
2024-01-13,3,57,13.765181578947368
2024-01-13,4,47,13.149158510638298
2024-01-13,5,37,12.330176576576577
2024-01-13,6,35,18.794551904761903
2024-01-13,7,22,16.353898484848482
2024-01-13,8,15,18.0174
2024-01-13,9,6,12.725108333333333
2024-01-13,10,4,17.583241666666666
2024-01-13,11,9,9.598781481481483
2024-01-13,12,10,12.551888333333334
2024-01-13,13,20,12.249668333333334
2024-01-13,14,25,14.664216000000001
2024-01-13,15,33,15.619318181818182
2024-01-13,16,50,13.843647333333333
2024-01-13,17,41,18.171063414634148
2024-01-13,18,36,19.17971388888889
2024-01-13,19,42,19.705452380952384
2024-01-13,20,37,13.934829279279281
2024-01-13,21,45,19.51617851851852
2024-01-13,22,58,14.075436494252873
2024-01-13,23,70,15.438643571428571
2024-01-14,0,53,17.828431446540883
2024-01-14,1,46,15.191765579710147
2024-01-14,2,33,16.650443434343437
2024-01-14,3,21,16.124881746031747
2024-01-14,4,26,12.762428205128204
2024-01-14,5,24,14.743105555555557
2024-01-14,6,22,15.772763636363635
2024-01-14,7,21,11.420521428571428
2024-01-14,8,14,20.29497023809524
2024-01-14,9,9,16.375833333333333
2024-01-14,10,4,12.386929166666668
2024-01-14,11,6,10.951947222222222
2024-01-14,12,9,17.68598888888889
2024-01-14,13,20,13.60451
2024-01-14,14,39,16.017193162393163
2024-01-14,15,39,14.75562264957265
2024-01-14,16,51,15.287459150326796
2024-01-14,17,55,14.943250909090908
2024-01-14,18,61,14.853591256830601
2024-01-14,19,83,14.939523493975903
2024-01-14,20,79,14.130599578059071
2024-01-14,21,69,15.773737439613527
2024-01-14,22,61,16.0718
2024-01-14,23,26,14.287634615384615
2024-01-15,0,36,18.74684861111111
2024-01-15,1,17,13.708639215686274
2024-01-15,2,13,17.129173076923077
2024-01-15,3,21,14.737896825396826
2024-01-15,4,12,12.52276111111111
2024-01-15,5,6,13.900555555555556
2024-01-15,6,7,16.56600476190476
2024-01-15,8,2,15.783150000000001
2024-01-15,9,3,15.977588888888889
2024-01-15,10,15,11.346452222222222
2024-01-15,11,23,11.258011594202898
2024-01-15,12,82,14.565279674796749
2024-01-15,13,193,16.719240414507766
2024-01-15,14,92,13.180507246376811
2024-01-15,15,52,14.782872435897437
2024-01-15,16,60,14.482520833333332
2024-01-15,17,79,15.75788924050633
2024-01-15,18,66,15.054962373737371
2024-01-15,19,69,18.210674154589373
2024-01-15,20,77,14.531359956709956
2024-01-15,21,127,17.07051784776903
2024-01-15,22,217,17.08885468509985
2024-01-15,23,127,15.466030446194226
2024-01-16,0,99,14.021434343434342
2024-01-16,1,78,14.242174572649573
2024-01-16,2,72,15.815327546296295
2024-01-16,3,45,12.229611851851852
2024-01-16,4,28,12.467170238095239
2024-01-16,5,4,7.724774999999999
2024-01-16,6,6,15.487533333333332
2024-01-16,7,4,17.815875
2024-01-16,8,9,13.828912962962963
2024-01-16,9,5,56.10431
2024-01-16,10,18,11.487943518518518
2024-01-16,11,51,15.872291503267975
2024-01-16,12,120,14.951549166666666
2024-01-16,13,267,15.125476279650437
2024-01-16,14,136,13.927477696078432
2024-01-16,15,67,13.717076865671642
2024-01-16,16,68,15.986485049019606
2024-01-16,17,96,14.810325347222223
2024-01-16,18,59,16.085668079096045
2024-01-16,19,56,15.49344613095238
2024-01-16,20,66,16.755038636363636
2024-01-16,21,131,18.815542875318066
2024-01-16,22,191,19.711078795811517
2024-01-16,23,126,18.16881111111111
2024-01-17,0,97,18.56452920962199
2024-01-17,1,80,19.224674583333332
2024-01-17,2,64,15.911602604166667
2024-01-17,3,38,16.16855701754386
2024-01-17,4,24,15.985722916666667
2024-01-17,5,13,11.011576923076923
2024-01-17,6,2,16.464983333333336
2024-01-17,7,3,29.626911111111113
2024-01-17,8,4,7.5912749999999996
2024-01-17,9,2,21.36846666666667
2024-01-17,10,14,15.909107142857142
2024-01-17,11,29,15.92611264367816
2024-01-17,12,121,17.410445454545453
2024-01-17,13,211,18.179470695102683
2024-01-17,14,113,12.36445575221239
2024-01-17,15,54,13.122351234567903
2024-01-17,16,69,16.184423913043478
2024-01-17,17,81,14.578514814814815
2024-01-17,18,65,14.575814615384616
2024-01-17,19,78,13.993144871794872
2024-01-17,20,98,15.916392857142858
2024-01-17,21,149,17.087384004474274
2024-01-17,22,203,17.26024671592775
2024-01-17,23,132,15.146418434343433
2024-01-18,0,112,14.283046428571428
2024-01-18,1,78,12.790395085470085
2024-01-18,2,71,15.67632042253521
2024-01-18,3,45,12.482005555555556
2024-01-18,4,5,9.610893333333333
2024-01-18,5,17,10.007898039215686
2024-01-18,6,13,18.543503846153847
2024-01-18,7,3,9.997338888888889
2024-01-18,8,7,11.500490476190476
2024-01-18,9,2,8.785883333333333
2024-01-18,10,17,8.34398137254902
2024-01-18,11,36,17.141837962962963
2024-01-18,12,124,13.908334274193546
2024-01-18,13,244,14.140938797814206
2024-01-18,14,124,11.804671102150538
2024-01-18,15,64,14.762675000000002
2024-01-18,16,64,13.656670833333333
2024-01-18,17,99,14.129455387205388
2024-01-18,18,80,14.717835416666665
2024-01-18,19,68,17.447536274509808
2024-01-18,20,93,15.277014695340503
2024-01-18,21,198,15.611976767676769
2024-01-18,22,244,15.3104037568306
2024-01-18,23,166,14.728624899598394
2024-01-19,0,104,13.068537820512821
2024-01-19,1,104,14.98195048076923
2024-01-19,2,70,14.421678571428572
2024-01-19,3,59,15.80651384180791
2024-01-19,4,73,14.196113470319634
2024-01-19,5,27,10.782116666666669
2024-01-19,6,17,17.65441764705882
2024-01-19,7,5,13.12492
2024-01-19,8,7,15.504671428571429
2024-01-19,9,5,14.335560000000001
2024-01-19,10,18,10.662434259259259
2024-01-19,11,27,12.29933888888889
2024-01-19,12,69,12.949122463768115
2024-01-19,13,135,13.31068
2024-01-19,14,81,13.452478395061728
2024-01-19,15,39,15.298070512820514
2024-01-19,16,58,11.458354597701149
2024-01-19,17,95,14.03589701754386
2024-01-19,18,91,15.516705677655679
2024-01-19,19,81,14.45434609053498
2024-01-19,20,96,14.307928993055556
2024-01-19,21,118,14.229882768361582
2024-01-19,22,153,14.752575925925925
2024-01-19,23,101,14.261428547854786
2024-01-20,0,90,14.443569074074073
2024-01-20,1,67,17.481243283582092
2024-01-20,2,46,13.542859057971013
2024-01-20,3,36,13.25246388888889
2024-01-20,4,29,15.988291379310343
2024-01-20,5,40,12.764218750000001
2024-01-20,6,22,13.906108333333334
2024-01-20,7,19,14.50713947368421
2024-01-20,8,14,13.109344047619048
2024-01-20,9,3,11.840155555555555
2024-01-20,10,8,14.853002083333333
2024-01-20,11,8,8.65786875
2024-01-20,12,13,13.546365384615386
2024-01-20,13,27,11.186337037037038
2024-01-20,14,41,11.870520731707318
2024-01-20,15,46,9.930146014492754
2024-01-20,16,73,11.380936529680366
2024-01-20,17,65,15.203002820512822
2024-01-20,18,74,14.914251351351352
2024-01-20,19,65,17.163129743589746
2024-01-20,20,77,13.43042554112554
2024-01-20,21,66,13.896548484848484
2024-01-20,22,75,15.142455555555555
2024-01-20,23,57,14.462098830409358
2024-01-21,0,48,16.170408680555557
2024-01-21,1,26,11.650339102564102
2024-01-21,2,35,11.999719047619047
2024-01-21,3,32,12.098701041666667
2024-01-21,4,30,11.199022777777778
2024-01-21,5,28,14.000455357142856
2024-01-21,6,29,17.386408620689657
2024-01-21,7,28,10.999491666666668
2024-01-21,8,11,11.990980303030302
2024-01-21,9,6,18.335174999999996
2024-01-21,10,6,11.301752777777779
2024-01-21,11,7,13.284140476190474
2024-01-21,12,13,14.56051282051282
2024-01-21,13,22,11.781520454545454
2024-01-21,14,23,11.603451449275363
2024-01-21,15,50,16.906688666666668
2024-01-21,16,54,15.921109259259257
2024-01-21,17,58,12.847994252873564
2024-01-21,18,74,15.58334864864865
2024-01-21,19,85,14.353507843137255
2024-01-21,20,76,14.996781798245614
2024-01-21,21,82,14.134628048780487
2024-01-21,22,59,12.045436440677966
2024-01-21,23,48,12.745136458333334
2024-01-22,0,42,12.995775396825398
2024-01-22,1,39,15.999058547008545
2024-01-22,2,32,13.4975828125
2024-01-22,3,24,14.792199305555556
2024-01-22,4,14,10.983609523809523
2024-01-22,5,10,13.015315000000001
2024-01-22,6,4,13.408175
2024-01-22,7,4,16.808154166666668
2024-01-22,8,6,16.83493888888889
2024-01-22,9,3,30.85625
2024-01-22,10,15,12.57000111111111
2024-01-22,11,32,15.472330729166666
2024-01-22,12,109,15.351729204892965
2024-01-22,13,216,14.586281712962963
2024-01-22,14,109,11.905335474006115
2024-01-22,15,55,14.940606666666666
2024-01-22,16,80,12.462472916666666
2024-01-22,17,94,16.63270195035461
2024-01-22,18,78,11.924628632478633
2024-01-22,19,82,16.60208292682927
2024-01-22,20,106,14.616396226415095
2024-01-22,21,131,17.058944656488546
2024-01-22,22,241,16.150677731673582
2024-01-22,23,133,14.107883082706767
2024-01-23,0,118,15.081508333333334
2024-01-23,1,78,15.455917735042732
2024-01-23,2,70,13.772989523809525
2024-01-23,3,40,12.558277499999999
2024-01-23,4,23,11.337730434782607
2024-01-23,5,11,15.017868181818182
2024-01-23,6,8,16.899691666666666
2024-01-23,7,4,17.371554166666666
2024-01-23,8,4,16.686133333333334
2024-01-23,9,2,33.47509166666667
2024-01-23,10,16,12.372231249999999
2024-01-23,11,43,14.467428682170542
2024-01-23,12,167,14.358488922155686
2024-01-23,13,310,13.5734688172043
2024-01-23,14,150,11.865118111111112
2024-01-23,15,69,13.573995652173913
2024-01-23,16,95,13.550328245614034
2024-01-23,17,122,14.73887568306011
2024-01-23,18,89,14.03923913857678
2024-01-23,19,92,12.48069365942029
2024-01-23,20,101,13.897246864686469
2024-01-23,21,183,14.484430236794172
2024-01-23,22,271,15.222690590405904
2024-01-23,23,193,15.055667098445596
2024-01-24,0,109,13.527492354740062
2024-01-24,1,110,13.289170454545456
2024-01-24,2,76,14.0382524122807
2024-01-24,3,56,13.29152380952381
2024-01-24,4,22,12.322765151515153
2024-01-24,5,25,11.386566
2024-01-24,6,8,13.232670833333334
2024-01-24,7,3,10.482755555555556
2024-01-24,8,7,25.08494761904762
2024-01-24,9,1,13.854383333333335
2024-01-24,10,9,8.55982037037037
2024-01-24,11,45,15.105204444444444
2024-01-24,12,122,14.695774316939891
2024-01-24,13,252,15.113626058201058
2024-01-24,14,121,12.539237190082643
2024-01-24,15,58,11.707614655172414
2024-01-24,16,76,12.919961184210527
2024-01-24,17,107,13.555818224299065
2024-01-24,18,76,13.324741885964912
2024-01-24,19,73,12.271855479452055
2024-01-24,20,92,13.643340217391305
2024-01-24,21,163,17.52884427402863
2024-01-24,22,210,16.404775238095237
2024-01-24,23,168,14.50957142857143
2024-01-25,0,118,12.863301129943503
2024-01-25,1,72,13.961774305555556
2024-01-25,2,59,13.825701694915255
2024-01-25,3,30,11.462064999999999
2024-01-25,4,17,13.152395098039216
2024-01-25,5,9,14.204496296296295
2024-01-25,6,5,15.104830000000002
2024-01-25,7,2,12.1216
2024-01-25,8,2,8.234191666666668
2024-01-25,9,1,18.184366666666666
2024-01-25,10,6,13.883311111111112
2024-01-25,11,31,14.862585483870967
2024-01-25,12,79,17.029993459915612
2024-01-25,13,163,15.527408895705522
2024-01-25,14,78,14.386796153846154
2024-01-25,15,29,14.773908620689655
2024-01-25,16,67,17.434906716417913
2024-01-25,17,93,16.4822123655914
2024-01-25,18,59,16.264411299435025
2024-01-25,19,69,15.104047101449273
2024-01-25,20,89,13.526590074906368
2024-01-25,21,164,16.375077642276423
2024-01-25,22,270,16.909143333333336
2024-01-25,23,167,16.242779241516967
2024-01-26,0,107,15.622484735202493
2024-01-26,1,74,12.469828153153154
2024-01-26,2,76,14.510506359649122
2024-01-26,3,61,13.556475956284155
2024-01-26,4,50,13.007217333333333
2024-01-26,5,20,12.919933333333333
2024-01-26,6,14,14.231719047619048
2024-01-26,7,9,16.669231481481482
2024-01-26,8,4,11.974970833333334
2024-01-26,9,2,12.322233333333333
2024-01-26,10,17,14.167191176470588
2024-01-26,11,36,15.220147222222222
2024-01-26,12,75,13.596160888888887
2024-01-26,13,102,13.40981683006536
2024-01-26,14,77,10.437402164502165
2024-01-26,15,49,11.918826530612245
2024-01-26,16,76,18.439455263157896
2024-01-26,17,76,13.92620745614035
2024-01-26,18,83,17.990011847389557
2024-01-26,19,78,17.52390747863248
2024-01-26,20,56,11.986734821428572
2024-01-26,21,127,16.021645538057744
2024-01-26,22,155,16.443273655913977
2024-01-26,23,110,16.061130606060605
2024-01-27,0,98,15.089185034013605
2024-01-27,1,81,15.811137860082304
2024-01-27,2,52,17.64076826923077
2024-01-27,3,48,12.952019791666666
2024-01-27,4,39,11.943402564102565
2024-01-27,5,39,17.715129914529914
2024-01-27,6,45,18.73634925925926
2024-01-27,7,39,16.45573418803419
2024-01-27,8,23,17.633258695652174
2024-01-27,9,14,14.309740476190479
2024-01-27,10,5,13.553106666666668
2024-01-27,11,13,8.197885897435897
2024-01-27,12,18,13.472498148148148
2024-01-27,13,36,11.568494907407407
2024-01-27,14,60,13.688032222222223
2024-01-27,15,57,15.754379532163743
2024-01-27,16,65,13.87388948717949
2024-01-27,17,77,17.842052813852813
2024-01-27,18,133,19.346892731829573
2024-01-27,19,143,16.99630617715618
2024-01-27,20,134,14.448983333333333
2024-01-27,21,127,15.15548031496063
2024-01-27,22,119,14.998579831932775
2024-01-27,23,121,14.65168608815427
2024-01-28,0,85,14.10506137254902
2024-01-28,1,56,15.397702380952381
2024-01-28,2,73,14.425618949771689
2024-01-28,3,37,17.070500900900903
2024-01-28,4,49,12.958109523809524
2024-01-28,5,63,13.744504497354496
2024-01-28,6,46,15.26801992753623
2024-01-28,7,41,19.243339024390245
2024-01-28,8,31,17.93076075268817
2024-01-28,9,17,15.006386274509804
2024-01-28,10,11,15.542971212121211
2024-01-28,11,10,8.445333333333334
2024-01-28,12,19,11.697891228070175
2024-01-28,13,36,12.182022685185185
2024-01-28,14,53,13.88042893081761
2024-01-28,15,89,13.488567415730335
2024-01-28,16,103,15.686864077669904
2024-01-28,17,108,15.775924228395061
2024-01-28,18,118,14.342945903954803
2024-01-28,19,116,15.994604166666665
2024-01-28,20,118,16.331048022598868
2024-01-28,21,133,14.329843358395989
2024-01-28,22,93,15.252892293906807
2024-01-28,23,124,17.202612634408602
2024-01-29,0,80,15.32379125
2024-01-29,1,61,13.338201912568305
2024-01-29,2,63,13.41414603174603
2024-01-29,3,44,16.932206818181818
2024-01-29,4,28,11.777883928571429
2024-01-29,5,13,25.272374358974357
2024-01-29,6,13,14.053852564102565
2024-01-29,7,3,18.328838888888885
2024-01-29,8,6,10.698319444444444
2024-01-29,9,5,13.20032
2024-01-29,10,14,9.690604761904762
2024-01-29,11,46,13.503285869565218
2024-01-29,12,146,15.071423287671232
2024-01-29,13,257,13.932649740596629
2024-01-29,14,131,12.85266030534351
2024-01-29,15,75,12.834407555555556
2024-01-29,16,102,13.780771405228759
2024-01-29,17,110,14.447050151515151
2024-01-29,18,112,12.45377886904762
2024-01-29,19,93,12.069556451612904
2024-01-29,20,115,13.19668536231884
2024-01-29,21,228,15.714485453216374
2024-01-29,22,281,15.724825266903915
2024-01-29,23,184,14.567227989130433
2024-01-30,0,143,13.96264114219114
2024-01-30,1,93,12.39373870967742
2024-01-30,2,73,13.902807077625571
2024-01-30,3,39,13.046553418803418
2024-01-30,4,26,9.446040384615385
2024-01-30,5,20,12.915574166666664
2024-01-30,6,6,11.582386111111111
2024-01-30,7,3,21.124905555555554
2024-01-30,8,4,9.289754166666667
2024-01-30,9,6,10.459597222222223
2024-01-30,10,16,12.151239583333332
2024-01-30,11,40,11.875222083333332
2024-01-30,12,168,15.076735515873017
2024-01-30,13,296,15.19230320945946
2024-01-30,14,151,13.072959050772628
2024-01-30,15,61,11.86204043715847
2024-01-30,16,88,11.709245833333334
2024-01-30,17,94,14.429507624113477
2024-01-30,18,83,12.971722088353413
2024-01-30,19,99,13.219377441077441
2024-01-30,20,101,12.622777887788779
2024-01-30,21,203,16.47416806239737
2024-01-30,22,272,14.592722855392156
2024-01-30,23,196,14.353956547619047
2024-01-31,0,115,13.782355797101449
2024-01-31,1,99,13.55114175084175
2024-01-31,2,82,12.939090853658534
2024-01-31,3,45,9.857922222222221
2024-01-31,4,32,10.611369270833332
2024-01-31,5,18,14.0778
2024-01-31,6,7,23.728057142857143
2024-01-31,7,1,12.458049999999998
2024-01-31,8,6,6.928927777777777
2024-01-31,9,4,9.4475625
2024-01-31,10,14,10.151752380952379
2024-01-31,11,43,13.048541472868216
2024-01-31,12,143,14.919157226107227
2024-01-31,13,302,14.072498013245033
2024-01-31,14,161,12.663888302277432
2024-01-31,15,88,12.779772916666667
2024-01-31,16,97,13.39678350515464
2024-01-31,17,131,13.394899363867685
2024-01-31,18,107,13.30413676012461
2024-01-31,19,93,15.654412365591398
2024-01-31,20,147,15.97413514739229
2024-01-31,21,233,14.832814306151645
2024-01-31,22,340,15.092894852941177
2024-01-31,23,224,13.213327976190476
2024-02-01,0,144,14.09939837962963
2024-02-01,1,134,12.2872157960199
2024-02-01,2,99,14.166345454545455
2024-02-01,3,68,13.462401470588233
2024-02-01,4,58,13.35406063218391
2024-02-01,5,37,13.42967747747748
2024-02-01,6,14,14.769208333333333
2024-02-01,7,7,13.693961904761904
2024-02-01,8,4,10.413066666666667
2024-02-01,9,4,10.4093
2024-02-01,10,19,10.900265789473684
2024-02-01,11,48,12.236739236111111
2024-02-01,12,176,16.130745928030304
2024-02-01,13,328,13.730072611788618
2024-02-01,14,187,13.061398306595366
2024-02-01,15,73,14.43227305936073
2024-02-01,16,86,12.360916279069768
2024-02-01,17,123,13.771798780487806
2024-02-01,18,91,14.784187362637363
2024-02-01,19,96,14.065864583333331
2024-02-01,20,112,14.054535416666667
2024-02-01,21,184,14.873702173913044
2024-02-01,22,260,15.173061987179487
2024-02-01,23,147,14.910701587301588
2024-02-02,0,123,12.524275880758807
2024-02-02,1,111,13.763096846846848
2024-02-02,2,88,14.073832386363636
2024-02-02,3,90,11.526636851851853
2024-02-02,4,74,13.626120270270272
2024-02-02,5,44,15.613638257575758
2024-02-02,6,22,21.51579924242424
2024-02-02,7,18,12.261000925925925
2024-02-02,8,10,18.738983333333334
2024-02-02,9,10,15.940161666666665
2024-02-02,10,14,11.032158333333333
2024-02-02,11,45,14.707968148148147
2024-02-02,12,123,14.243559620596205
2024-02-02,13,225,14.902118888888888
2024-02-02,14,148,13.508171734234233
2024-02-02,15,93,13.488092114695341
2024-02-02,16,106,15.190688050314465
2024-02-02,17,144,13.83794988425926
2024-02-02,18,126,15.12385992063492
2024-02-02,19,126,12.987437037037038
2024-02-02,20,136,14.616384681372548
2024-02-02,21,203,13.650014696223318
2024-02-02,22,228,14.707051169590644
2024-02-02,23,190,15.520441315789475
2024-02-03,0,131,14.798227226463103
2024-02-03,1,112,13.560421577380952
2024-02-03,2,74,14.993122297297296
2024-02-03,3,52,14.053178846153846
2024-02-03,4,62,11.763346505376344
2024-02-03,5,71,12.032790375586854
2024-02-03,6,56,15.019533630952381
2024-02-03,7,40,17.392898333333335
2024-02-03,8,44,14.909783333333335
2024-02-03,9,15,13.030775555555556
2024-02-03,10,9,16.76104074074074
2024-02-03,11,9,10.102500000000001
2024-02-03,12,23,12.159873913043478
2024-02-03,13,55,12.082296666666666
2024-02-03,14,72,12.42799675925926
2024-02-03,15,83,14.174888554216867
2024-02-03,16,102,13.76412843137255
2024-02-03,17,132,13.232970075757574
2024-02-03,18,163,16.087987218813907
2024-02-03,19,128,14.889448567708333
2024-02-03,20,134,12.759491417910448
2024-02-03,21,158,17.611508333333333
2024-02-03,22,119,14.745183613445377
2024-02-03,23,110,15.53072196969697
2024-02-04,0,88,15.977907196969698
2024-02-04,1,92,15.940776268115942
2024-02-04,2,65,18.60175
2024-02-04,3,61,15.210871857923498
2024-02-04,4,50,14.713775666666665
2024-02-04,5,57,17.14144736842105
2024-02-04,6,44,14.301033712121212
2024-02-04,7,37,17.855259459459457
2024-02-04,8,22,17.39522575757576
2024-02-04,9,11,13.464533333333334
2024-02-04,10,10,14.064298333333332
2024-02-04,11,10,7.914273333333332
2024-02-04,12,24,12.326615972222223
2024-02-04,13,38,15.133270175438597
2024-02-04,14,57,14.508115204678361
2024-02-04,15,81,15.858930864197529
2024-02-04,16,94,14.486307269503547
2024-02-04,17,103,14.343589320388348
2024-02-04,18,141,17.674585342789598
2024-02-04,19,178,17.742461985018725
2024-02-04,20,145,17.337141494252872
2024-02-04,21,151,17.245167549668874
2024-02-04,22,115,15.073166666666667
2024-02-04,23,99,14.706200673400675
2024-02-05,0,73,15.897537214611871
2024-02-05,1,49,13.690261224489797
2024-02-05,2,44,14.520627272727273
2024-02-05,3,43,13.73523488372093
2024-02-05,4,26,9.11294935897436
2024-02-05,5,11,10.73368181818182
2024-02-05,6,7,16.438311904761907
2024-02-05,7,8,13.212587500000001
2024-02-05,8,2,14.546808333333333
2024-02-05,9,6,10.051222222222222
2024-02-05,10,10,11.357041666666667
2024-02-05,11,50,12.721510333333333
2024-02-05,12,127,14.736221128608925
2024-02-05,13,258,14.012879392764857
2024-02-05,14,138,14.386661231884057
2024-02-05,15,83,13.964036144578312
2024-02-05,16,92,14.941005978260868
2024-02-05,17,120,16.475953472222223
2024-02-05,18,128,13.516852994791666
2024-02-05,19,110,15.717537424242424
2024-02-05,20,145,15.271437586206895
2024-02-05,21,244,16.832327663934425
2024-02-05,22,302,15.093245529801324
2024-02-05,23,207,14.687184863123994
2024-02-06,0,139,12.599613429256594
2024-02-06,1,109,14.195129510703364
2024-02-06,2,81,14.837096296296298
2024-02-06,3,45,13.162799629629632
2024-02-06,4,28,11.905247619047618
2024-02-06,5,20,12.020393333333335
2024-02-06,6,9,17.413994444444445
2024-02-06,7,6,10.121677777777778
2024-02-06,8,4,12.535387499999999
2024-02-06,9,4,9.4134875
2024-02-06,10,14,12.106942857142856
2024-02-06,11,60,16.67067472222222
2024-02-06,12,180,14.862968888888888
2024-02-06,13,335,13.918757611940299
2024-02-06,14,169,12.531774753451677
2024-02-06,15,90,12.640651666666665
2024-02-06,16,102,16.230026633986927
2024-02-06,17,148,16.04526373873874
2024-02-06,18,106,14.650777830188678
2024-02-06,19,103,14.367749352750808
2024-02-06,20,154,16.16798712121212
2024-02-06,21,250,15.400236333333332
2024-02-06,22,349,14.775691356255969
2024-02-06,23,250,15.393479866666667
2024-02-07,0,137,12.689923357664235
2024-02-07,1,123,14.194786178861788
2024-02-07,2,101,12.375075412541255
2024-02-07,3,59,13.678563559322036
2024-02-07,4,38,12.660108333333335
2024-02-07,5,13,16.080416666666665
2024-02-07,6,8,12.921472916666666
2024-02-07,7,3,10.305855555555555
2024-02-07,8,5,15.295000000000002
2024-02-07,9,4,7.7082
2024-02-07,10,14,11.644405952380952
2024-02-07,11,39,11.962774786324786
2024-02-07,12,173,15.609163776493256
2024-02-07,13,341,13.627971114369501
2024-02-07,14,165,12.454283333333333
2024-02-07,15,78,12.292488461538463
2024-02-07,16,114,11.723189035087719
2024-02-07,17,155,12.813713333333332
2024-02-07,18,120,13.459274027777777
2024-02-07,19,95,13.324880701754386
2024-02-07,20,140,13.72383095238095
2024-02-07,21,239,14.634736052998607
2024-02-07,22,332,14.187020632530121
2024-02-07,23,233,14.05976087267525
2024-02-08,0,138,13.354657246376812
2024-02-08,1,127,12.714140026246719
2024-02-08,2,97,15.076679896907217
2024-02-08,3,85,12.201506666666667
2024-02-08,4,48,13.379958333333335
2024-02-08,5,27,9.848298765432098
2024-02-08,6,15,13.398179999999998
2024-02-08,7,8,16.266770833333332
2024-02-08,8,10,12.127463333333333
2024-02-08,9,5,9.7809
2024-02-08,10,14,9.869066666666667
2024-02-08,11,53,13.501694339622643
2024-02-08,12,205,15.835055853658538
2024-02-08,13,360,13.884186759259258
2024-02-08,14,189,12.376969753086419
2024-02-08,15,103,17.036373300970876
2024-02-08,16,117,13.30529017094017
2024-02-08,17,169,15.562655325443787
2024-02-08,18,154,16.35659274891775
2024-02-08,19,163,15.974985582822086
2024-02-08,20,199,16.51958190954774
2024-02-08,21,275,15.338138242424245
2024-02-08,22,383,14.818829590948651
2024-02-08,23,281,14.412234875444838
2024-02-09,0,208,13.271066746794872
2024-02-09,1,126,14.788864021164022
2024-02-09,2,106,12.947893396226414
2024-02-09,3,77,14.241950432900435
2024-02-09,4,98,13.254346598639456
2024-02-09,5,39,12.57239700854701
2024-02-09,6,37,11.919966666666667
2024-02-09,7,8,13.10055625
2024-02-09,8,14,17.175952380952378
2024-02-09,9,6,10.457975
2024-02-09,10,10,7.770786666666666
2024-02-09,11,37,14.675926576576575
2024-02-09,12,133,14.085265162907268
2024-02-09,13,239,13.203669177126917
2024-02-09,14,153,12.75154357298475
2024-02-09,15,104,13.701448717948718
2024-02-09,16,132,15.335861994949497
2024-02-09,17,154,14.589152164502165
2024-02-09,18,160,14.646619687499998
2024-02-09,19,162,14.195188168724279
2024-02-09,20,186,15.513688082437273
2024-02-09,21,262,14.21327748091603
2024-02-09,22,285,14.97358
2024-02-09,23,247,14.836963697705803
2024-02-10,0,170,15.134061078431372
2024-02-10,1,144,13.708221412037037
2024-02-10,2,102,12.73117369281046
2024-02-10,3,70,13.076565
2024-02-10,4,47,11.58091879432624
2024-02-10,5,40,11.927895833333334
2024-02-10,6,43,17.46483488372093
2024-02-10,7,34,14.17466911764706
2024-02-10,8,35,11.592796666666667
2024-02-10,9,18,16.000278703703703
2024-02-10,10,7,17.054328571428574
2024-02-10,11,17,12.885180392156864
2024-02-10,12,29,10.570922988505748
2024-02-10,13,81,13.341936419753086
2024-02-10,14,90,12.53292
2024-02-10,15,134,15.628383457711443
2024-02-10,16,177,16.247517419962335
2024-02-10,17,208,16.00712596153846
2024-02-10,18,229,18.229057132459975
2024-02-10,19,224,18.249481770833334
2024-02-10,20,220,16.623451136363638
2024-02-10,21,233,18.24054935622318
2024-02-10,22,209,16.113491706539076
2024-02-10,23,146,14.750140525114155
2024-02-11,0,142,15.1677411971831
2024-02-11,1,124,12.900312768817205
2024-02-11,2,96,15.017321006944444
2024-02-11,3,72,12.468302546296297
2024-02-11,4,85,11.938506274509804
2024-02-11,5,77,15.118167099567101
2024-02-11,6,61,18.534749180327868
2024-02-11,7,44,15.689110227272726
2024-02-11,8,40,14.551809166666667
2024-02-11,9,25,15.205696
2024-02-11,10,15,10.89162888888889
2024-02-11,11,15,9.912607777777778
2024-02-11,12,25,14.307894666666666
2024-02-11,13,41,13.559763008130082
2024-02-11,14,75,15.48337888888889
2024-02-11,15,84,14.569134523809524
2024-02-11,16,116,17.222337931034485
2024-02-11,17,129,16.636494702842377
2024-02-11,18,141,17.131382269503547
2024-02-11,19,147,15.270180045351475
2024-02-11,20,168,15.245262400793653
2024-02-11,21,151,15.257970971302429
2024-02-11,22,167,15.25035119760479
2024-02-11,23,130,13.127066923076923
2024-02-12,0,72,15.431358101851853
2024-02-12,1,63,14.766856613756614
2024-02-12,2,56,13.339991964285714
2024-02-12,3,62,11.246562903225806
2024-02-12,4,90,13.027060555555554
2024-02-12,5,36,9.544149537037036
2024-02-12,6,14,17.78715238095238
2024-02-12,7,3,18.955683333333333
2024-02-12,8,7,8.59272619047619
2024-02-12,9,14,17.859404761904763
2024-02-12,10,15,9.174976666666668
2024-02-12,11,50,11.336211
2024-02-12,12,144,12.897256944444443
2024-02-12,13,306,13.567850980392159
2024-02-12,14,140,12.556549523809524
2024-02-12,15,104,13.62548173076923
2024-02-12,16,98,12.072492517006804
2024-02-12,17,125,12.891191333333332
2024-02-12,18,142,15.573498239436619
2024-02-12,19,108,12.629837962962963
2024-02-12,20,108,13.923106018518517
2024-02-12,21,222,15.841875750750752
2024-02-12,22,335,15.757122487562189
2024-02-12,23,210,14.118629047619047
2024-02-13,0,160,12.698331145833333
2024-02-13,1,113,14.760522713864308
2024-02-13,2,101,13.245395049504952
2024-02-13,3,48,13.864761805555554
2024-02-13,4,43,11.327635658914728
2024-02-13,5,22,11.263390909090909
2024-02-13,6,9,14.817027777777778
2024-02-13,7,3,13.034594444444444
2024-02-13,8,6,12.650261111111112
2024-02-13,9,4,7.104329166666666
2024-02-13,10,10,9.824901666666667
2024-02-13,11,60,14.304309722222222
2024-02-13,12,184,14.374700905797102
2024-02-13,13,402,13.884659784411278
2024-02-13,14,175,12.368855809523808
2024-02-13,15,99,15.138053703703704
2024-02-13,16,103,11.7517
2024-02-13,17,135,13.307814444444446
2024-02-13,18,116,14.106219827586207
2024-02-13,19,164,14.47723455284553
2024-02-13,20,173,15.80417148362235
2024-02-13,21,280,16.04634107142857
2024-02-13,22,445,15.48773479400749
2024-02-13,23,244,13.496567418032786
2024-02-14,0,175,13.605972476190475
2024-02-14,1,143,14.73757634032634
2024-02-14,2,96,15.78782621527778
2024-02-14,3,33,14.62569797979798
2024-02-14,4,20,13.090155833333332
2024-02-14,5,15,13.086604444444443
2024-02-14,6,10,15.389873333333336
2024-02-14,7,1,13.831783333333334
2024-02-14,8,3,6.436788888888889
2024-02-14,9,4,8.802154166666666
2024-02-14,10,10,8.216595
2024-02-14,11,42,12.705369444444447
2024-02-14,12,144,15.574952199074074
2024-02-14,13,224,15.305005282738096
2024-02-14,14,125,12.354629733333333
2024-02-14,15,84,14.265955753968255
2024-02-14,16,99,14.172200673400672
2024-02-14,17,98,11.62934030612245
2024-02-14,18,76,14.109980263157896
2024-02-14,19,104,14.229751762820513
2024-02-14,20,107,15.924823052959502
2024-02-14,21,242,15.946619559228651
2024-02-14,22,260,15.508209038461537
2024-02-14,23,189,16.883497001763672
2024-02-15,0,115,13.287897246376811
2024-02-15,1,91,14.250803296703298
2024-02-15,2,61,12.546169945355192
2024-02-15,3,30,13.313951666666666
2024-02-15,4,25,11.676165999999998
2024-02-15,5,28,9.34994523809524
2024-02-15,6,13,13.097466666666666
2024-02-15,7,8,28.14912916666667
2024-02-15,8,3,15.53302777777778
2024-02-15,9,5,10.274206666666666
2024-02-15,10,16,9.850673958333333
2024-02-15,11,45,13.13201148148148
2024-02-15,12,168,14.472140178571427
2024-02-15,13,308,13.070948376623377
2024-02-15,14,144,12.149416203703703
2024-02-15,15,84,11.544256547619048
2024-02-15,16,105,12.80343841269841
2024-02-15,17,148,12.755788626126126
2024-02-15,18,120,12.532039444444445
2024-02-15,19,110,13.201446363636364
2024-02-15,20,126,14.847612962962963
2024-02-15,21,228,17.591261769005847
2024-02-15,22,333,14.556521321321322
2024-02-15,23,202,15.560107673267328
2024-02-16,0,145,12.27679816091954
2024-02-16,1,105,12.279627142857143
2024-02-16,2,68,14.504241176470588
2024-02-16,3,53,13.673611006289308
2024-02-16,4,29,12.386031609195403
2024-02-16,5,26,11.879846794871794
2024-02-16,6,12,17.02425277777778
2024-02-16,7,1,4.0866999999999996
2024-02-16,8,6,10.276411111111111
2024-02-16,9,2,18.1711
2024-02-16,10,12,9.624986111111111
2024-02-16,11,28,11.799914880952382
2024-02-16,12,74,14.37899054054054
2024-02-16,13,123,14.587753658536585
2024-02-16,14,79,11.235314556962026
2024-02-16,15,53,15.030271698113209
2024-02-16,16,69,14.55311352657005
2024-02-16,17,100,13.417735333333335
2024-02-16,18,82,11.255987601626016
2024-02-16,19,76,13.685141447368423
2024-02-16,20,127,12.998535433070865
2024-02-16,21,155,14.858143548387096
2024-02-16,22,214,15.14336292834891
2024-02-16,23,178,15.74858838951311
2024-02-17,0,116,14.781728448275862
2024-02-17,1,104,15.656110576923076
2024-02-17,2,77,11.427665584415584
2024-02-17,3,49,11.83367925170068
2024-02-17,4,55,14.31880212121212
2024-02-17,5,42,12.669269841269841
2024-02-17,6,31,13.237704301075269
2024-02-17,7,25,15.257514666666665
2024-02-17,8,22,13.226789393939395
2024-02-17,9,12,17.24298333333333
2024-02-17,10,12,13.707225
2024-02-17,11,16,11.686304166666666
2024-02-17,12,32,13.880737499999999
2024-02-17,13,49,14.054414965986394
2024-02-17,14,66,10.755098232323233
2024-02-17,15,72,12.942972916666667
2024-02-17,16,77,14.535341991341992
2024-02-17,17,106,14.01316855345912
2024-02-17,18,105,14.918106031746031
2024-02-17,19,121,13.440513085399449
2024-02-17,20,95,15.388576491228072
2024-02-17,21,104,13.774716666666666
2024-02-17,22,84,18.31023650793651
2024-02-17,23,75,13.691312666666667
2024-02-18,0,70,14.117245714285714
2024-02-18,1,38,12.659176754385966
2024-02-18,2,49,13.512882653061228
2024-02-18,3,26,17.70148141025641
2024-02-18,4,43,11.97448023255814
2024-02-18,5,40,11.042240000000001
2024-02-18,6,24,13.094329861111111
2024-02-18,7,30,11.817412777777777
2024-02-18,8,37,13.956774774774775
2024-02-18,9,4,11.581891666666667
2024-02-18,10,6,10.632125
2024-02-18,11,18,9.819411111111112
2024-02-18,12,11,14.64483787878788
2024-02-18,13,23,10.983333333333334
2024-02-18,14,24,15.44949861111111
2024-02-18,15,33,13.402085858585858
2024-02-18,16,38,14.178815350877192
2024-02-18,17,41,16.683135772357723
2024-02-18,18,56,15.204213988095237
2024-02-18,19,68,15.033095098039215
2024-02-18,20,71,12.761617605633802
2024-02-18,21,65,15.106064102564103
2024-02-18,22,60,16.58555138888889
2024-02-18,23,49,17.459395238095237
2024-02-19,0,44,17.193930681818184
2024-02-19,1,31,19.328934408602148
2024-02-19,2,37,15.580465315315315
2024-02-19,3,21,15.521455555555555
2024-02-19,4,12,10.7668125
2024-02-19,5,13,9.192746153846153
2024-02-19,6,7,33.0279119047619
2024-02-19,7,4,16.780570833333332
2024-02-19,8,1,6.7691
2024-02-19,9,4,9.643033333333332
2024-02-19,10,10,9.035541666666667
2024-02-19,11,27,13.282423456790124
2024-02-19,12,98,16.33213945578231
2024-02-19,13,172,14.800937209302326
2024-02-19,14,90,13.916464814814814
2024-02-19,15,65,18.492130256410253
2024-02-19,16,67,15.387018905472639
2024-02-19,17,99,13.692053367003366
2024-02-19,18,87,14.587345593869731
2024-02-19,19,59,13.80901327683616
2024-02-19,20,100,15.2049415
2024-02-19,21,159,14.738222117400419
2024-02-19,22,210,15.025174920634921
2024-02-19,23,155,13.969362043010754
2024-02-20,0,95,11.849454736842105
2024-02-20,1,77,11.84655303030303
2024-02-20,2,56,14.014965476190477
2024-02-20,3,48,9.186685416666668
2024-02-20,4,15,12.332084444444444
2024-02-20,5,15,14.019653333333334
2024-02-20,6,1,21.4354
2024-02-20,7,3,6.439027777777777
2024-02-20,8,2,17.130566666666667
2024-02-20,9,7,11.55267142857143
2024-02-20,10,10,9.402754999999999
2024-02-20,11,51,13.909532352941177
2024-02-20,12,140,15.226687142857145
2024-02-20,13,255,13.525788300653595
2024-02-20,14,121,11.115866942148761
2024-02-20,15,69,10.468255555555555
2024-02-20,16,76,14.275193421052633
2024-02-20,17,106,14.837483333333333
2024-02-20,18,94,12.11528120567376
2024-02-20,19,57,15.654355263157896
2024-02-20,20,110,13.304367272727273
2024-02-20,21,186,14.645659677419356
2024-02-20,22,282,14.06481170212766
2024-02-20,23,228,15.018483114035087
2024-02-21,0,125,14.527769866666667
2024-02-21,1,101,13.927371947194718
2024-02-21,2,75,13.841605555555555
2024-02-21,3,53,13.207144025157232
2024-02-21,4,27,9.981130864197532
2024-02-21,5,15,11.436646666666666
2024-02-21,6,7,13.322002380952382
2024-02-21,8,3,10.845827777777776
2024-02-21,9,8,11.980960416666667
2024-02-21,10,6,8.400013888888887
2024-02-21,11,36,11.58612037037037
2024-02-21,12,150,15.999408111111109
2024-02-21,13,298,13.959441554809843
2024-02-21,14,161,11.656583850931677
2024-02-21,15,79,11.775385654008439
2024-02-21,16,106,13.493317924528302
2024-02-21,17,257,17.150117055771723
2024-02-21,18,129,13.788938242894057
2024-02-21,19,95,16.97702754385965
2024-02-21,20,150,16.825734222222223
2024-02-21,21,244,15.52095239071038
2024-02-21,22,326,15.150754498977506
2024-02-21,23,229,13.808910989810771
2024-02-22,0,175,12.994573238095239
2024-02-22,1,120,12.854339444444443
2024-02-22,2,113,13.51625191740413
2024-02-22,3,62,10.229501881720429
2024-02-22,4,32,12.831208333333333
2024-02-22,5,14,14.370878571428571
2024-02-22,6,5,7.850309999999999
2024-02-22,7,3,11.786894444444444
2024-02-22,8,9,8.879203703703704
2024-02-22,9,4,13.228283333333332
2024-02-22,10,16,9.304832291666667
2024-02-22,11,55,14.12716212121212
2024-02-22,12,169,12.83735986193294
2024-02-22,13,250,13.277352133333334
2024-02-22,14,118,12.164732485875705
2024-02-22,15,65,11.357954358974359
2024-02-22,16,97,11.613132646048111
2024-02-22,17,124,13.648681720430107
2024-02-22,18,101,12.157337788778879
2024-02-22,19,122,15.45350819672131
2024-02-22,20,140,13.66012226190476
2024-02-22,21,231,14.21395404040404
2024-02-22,22,327,14.804852038735982
2024-02-22,23,240,14.526343194444445
2024-02-23,0,159,13.842618343815513
2024-02-23,1,125,12.136340933333333
2024-02-23,2,135,14.185170987654322
2024-02-23,3,89,11.827625280898875
2024-02-23,4,127,15.090116929133858
2024-02-23,5,43,13.561665116279071
2024-02-23,6,21,15.527451587301588
2024-02-23,7,21,11.871577777777778
2024-02-23,8,17,11.173407843137255
2024-02-23,9,9,12.683625925925925
2024-02-23,10,10,10.402331666666669
2024-02-23,11,40,13.194504166666666
2024-02-23,12,113,13.66572389380531
2024-02-23,13,191,12.742876876090751
2024-02-23,14,132,11.233559595959596
2024-02-23,15,112,13.518838095238095
2024-02-23,16,127,15.375110104986875
2024-02-23,17,155,14.243861827956989
2024-02-23,18,174,15.478033716475098
2024-02-23,19,145,15.760893678160919
2024-02-23,20,200,16.050575666666667
2024-02-23,21,224,13.840510639880952
2024-02-23,22,279,15.395380585424133
2024-02-23,23,187,15.486470320855616
2024-02-24,0,170,13.801365294117645
2024-02-24,1,116,13.55594382183908
2024-02-24,2,110,12.468612575757575
2024-02-24,3,62,11.257981182795698
2024-02-24,4,63,12.33018544973545
2024-02-24,5,43,12.93229031007752
2024-02-24,6,42,13.641906349206351
2024-02-24,7,29,15.082992528735632
2024-02-24,8,22,15.37596590909091
2024-02-24,9,7,12.294419047619048
2024-02-24,10,7,16.46254761904762
2024-02-24,11,9,26.149938888888887
2024-02-24,12,23,10.492641304347826
2024-02-24,13,42,9.320709920634922
2024-02-24,14,57,10.28155730994152
2024-02-24,15,65,12.160584871794873
2024-02-24,16,84,12.475446428571429
2024-02-24,17,112,14.828215029761905
2024-02-24,18,113,17.195433775811207
2024-02-24,19,121,15.365831955922864
2024-02-24,20,119,12.528189075630252
2024-02-24,21,128,13.238932421875
2024-02-24,22,102,14.11143709150327
2024-02-24,23,101,11.809504125412541
2024-02-25,0,65,10.824839487179487
2024-02-25,1,43,12.303155426356591
2024-02-25,2,41,11.268984146341465
2024-02-25,3,44,14.015789772727272
2024-02-25,4,41,14.033136585365854
2024-02-25,5,38,9.543460526315789
2024-02-25,6,26,15.137110897435898
2024-02-25,7,16,13.211221875
2024-02-25,8,15,13.770155555555554
2024-02-25,9,13,20.395338461538465
2024-02-25,10,10,13.825931666666667
2024-02-25,11,18,17.67995185185185
2024-02-25,12,20,12.388121666666667
2024-02-25,13,33,12.118275252525253
2024-02-25,14,55,14.03087515151515
2024-02-25,15,102,14.064690196078432
2024-02-25,16,109,16.32713608562691
2024-02-25,17,119,15.146274369747898
2024-02-25,18,142,18.02404718309859
2024-02-25,19,130,16.699908974358973
2024-02-25,20,172,15.194644767441861
2024-02-25,21,141,16.50463723404255
2024-02-25,22,134,14.792644651741295
2024-02-25,23,105,14.249770634920635
2024-02-26,0,75,15.154243999999998
2024-02-26,1,76,13.547978289473685
2024-02-26,2,42,12.23057896825397
2024-02-26,3,38,9.518239035087719
2024-02-26,4,29,13.587668390804598
2024-02-26,5,17,10.660599019607844
2024-02-26,6,10,14.8202
2024-02-26,7,1,6.687266666666667
2024-02-26,8,5,8.295163333333333
2024-02-26,9,7,9.48717380952381
2024-02-26,10,12,7.599295833333333
2024-02-26,11,48,12.303930555555555
2024-02-26,12,150,14.269945666666667
2024-02-26,13,220,13.143962727272728
2024-02-26,14,103,12.057727993527509
2024-02-26,15,82,11.851057723577236
2024-02-26,16,108,14.231373302469136
2024-02-26,17,141,15.403938179669034
2024-02-26,18,153,15.1015325708061
2024-02-26,19,126,14.758761904761904
2024-02-26,20,171,16.82266364522417
2024-02-26,21,250,17.000803533333332
2024-02-26,22,381,15.357172615923009
2024-02-26,23,224,15.099781547619047
2024-02-27,0,167,13.829620259481038
2024-02-27,1,114,13.76047207602339
2024-02-27,2,94,12.534999468085106
2024-02-27,3,49,13.801115986394558
2024-02-27,4,33,13.117635353535352
2024-02-27,5,19,14.04016842105263
2024-02-27,6,10,15.21617
2024-02-27,7,1,61.94213333333333
2024-02-27,8,5,8.36806
2024-02-27,9,7,12.412
2024-02-27,10,14,11.259858333333332
2024-02-27,11,60,13.74416
2024-02-27,12,226,14.488042182890856
2024-02-27,13,402,14.14564083747927
2024-02-27,14,187,12.007985472370766
2024-02-27,15,134,16.55240012437811
2024-02-27,16,143,20.167225058275058
2024-02-27,17,225,17.14282948148148
2024-02-27,18,219,17.67085091324201
2024-02-27,19,222,19.25428325825826
2024-02-27,20,267,17.920321847690385
2024-02-27,21,415,17.657650441767068
2024-02-27,22,570,16.59600415204678
2024-02-27,23,356,15.03308281835206
2024-02-28,0,213,15.216203912363065
2024-02-28,1,171,13.213146393762182
2024-02-28,2,161,15.272753416149069
2024-02-28,3,88,12.519772159090907
2024-02-28,4,72,17.344186342592593
2024-02-28,5,40,14.069726249999999
2024-02-28,6,16,19.871798958333333
2024-02-28,7,3,10.625877777777779
2024-02-28,8,7,14.648859523809522
2024-02-28,9,8,17.645472916666666
2024-02-28,10,16,12.129138541666666
2024-02-28,11,63,12.19315052910053
2024-02-28,12,209,14.70131124401914
2024-02-28,13,392,13.189070918367346
2024-02-28,14,201,12.132506301824213
2024-02-28,15,88,11.701232196969698
2024-02-28,16,167,15.189715768463076
2024-02-28,17,190,12.482056403508771
2024-02-28,18,137,12.509773722627736
2024-02-28,19,129,16.516292248062015
2024-02-28,20,181,14.132964272559851
2024-02-28,21,326,15.72073773006135
2024-02-28,22,406,14.122021510673235
2024-02-28,23,144,14.035793402777777
2024-02-29,0,50,11.578491333333334
2024-02-29,1,52,11.70231891025641
2024-02-29,2,66,12.211674747474746
2024-02-29,3,31,7.635059677419355
2024-02-29,4,24,8.227440972222222
2024-02-29,5,8,9.156633333333334
2024-02-29,6,9,15.019431481481483
2024-02-29,7,3,12.60433888888889
2024-02-29,8,3,7.664811111111111
2024-02-29,9,6,12.836830555555556
2024-02-29,10,11,11.58966515151515
2024-02-29,11,37,11.182386036036036
2024-02-29,12,132,12.574597601010101
2024-02-29,13,257,12.991878015564204
2024-02-29,14,109,11.519467889908258
2024-02-29,15,71,11.472837793427232
2024-02-29,16,81,12.626697736625516
2024-02-29,17,99,11.90881127946128
2024-02-29,18,85,10.641607254901961
2024-02-29,19,70,13.60098619047619
2024-02-29,20,95,12.398732807017543
2024-02-29,21,182,13.055436263736263
2024-02-29,22,237,14.224793248945149
2024-02-29,23,175,13.145212
2024-03-01,0,98,15.003268027210884
2024-03-01,1,85,12.654402156862746
2024-03-01,2,70,15.448968095238095
2024-03-01,3,60,12.372296388888888
2024-03-01,4,38,11.2677
2024-03-01,5,26,11.104196794871797
2024-03-01,6,12,12.780716666666669
2024-03-01,7,8,13.9465375
2024-03-01,8,7,9.074707142857143
2024-03-01,9,8,12.177599999999998
2024-03-01,10,5,6.664373333333333
2024-03-01,11,38,11.048962719298245
2024-03-01,12,112,14.464517113095237
2024-03-01,13,205,12.497827642276423
2024-03-01,14,104,11.023236217948718
2024-03-01,15,107,13.770194392523365
2024-03-01,16,126,14.436735185185185
2024-03-01,17,151,14.177790066225167
2024-03-01,18,143,12.724685431235432
2024-03-01,19,125,13.805696533333334
2024-03-01,20,154,14.761715367965369
2024-03-01,21,246,14.369445799457994
2024-03-01,22,267,14.736386704119852
2024-03-01,23,206,14.062155825242717
2024-03-02,0,160,15.930438749999999
2024-03-02,1,123,15.620574525745258
2024-03-02,2,85,13.877948823529412
2024-03-02,3,82,12.429666260162602
2024-03-02,4,63,12.562051058201058
2024-03-02,5,50,11.829025
2024-03-02,6,58,15.164796264367816
2024-03-02,7,32,18.25904583333333
2024-03-02,8,41,16.699266260162602
2024-03-02,9,8,13.861933333333333
2024-03-02,10,12,9.626394444444445
2024-03-02,11,24,9.55318125
2024-03-02,12,36,11.16281712962963
2024-03-02,13,77,12.908217099567098
2024-03-02,14,88,12.780520454545455
2024-03-02,15,124,16.87745241935484
2024-03-02,16,143,12.957232867132866
2024-03-02,17,119,14.9970675070028
2024-03-02,18,142,14.912926056338026
2024-03-02,19,126,14.823871164021165
2024-03-02,20,111,14.43208963963964
2024-03-02,21,156,15.43086826923077
2024-03-02,22,120,16.1480225
2024-03-02,23,99,13.692330639730638
2024-03-03,0,118,14.808686440677965
2024-03-03,1,97,15.79417439862543
2024-03-03,2,87,15.722478927203065
2024-03-03,3,60,15.653757777777777
2024-03-03,4,60,14.148785277777778
2024-03-03,5,71,13.794155399061033
2024-03-03,6,55,13.52530393939394
2024-03-03,7,33,15.562262121212122
2024-03-03,8,38,14.979879824561403
2024-03-03,9,32,13.937223958333332
2024-03-03,10,15,9.320434444444443
2024-03-03,11,33,10.291984343434343
2024-03-03,12,28,16.76692380952381
2024-03-03,13,37,15.412292342342342
2024-03-03,14,68,13.13431200980392
2024-03-03,15,126,14.643694047619048
2024-03-03,16,142,18.276500469483565
2024-03-03,17,166,16.46366234939759
2024-03-03,18,214,17.109811993769473
2024-03-03,19,216,17.752156867283947
2024-03-03,20,284,17.93878838028169
2024-03-03,21,286,17.853313752913753
2024-03-03,22,236,20.05081377118644
2024-03-03,23,168,17.53558115079365
2024-03-04,0,129,16.79354857881137
2024-03-04,1,87,15.413295019157088
2024-03-04,2,91,15.93464597069597
2024-03-04,3,66,18.152024242424243
2024-03-04,4,41,16.422539024390247
2024-03-04,5,28,12.433702976190476
2024-03-04,6,20,58.033657500000004
2024-03-04,7,2,23.567983333333334
2024-03-04,8,6,12.550180555555556
2024-03-04,9,6,9.598094444444444
2024-03-04,10,20,10.047735833333332
2024-03-04,11,59,13.486690395480226
2024-03-04,12,134,13.881805597014926
2024-03-04,13,307,13.511085776330077
2024-03-04,14,182,12.143208791208792
2024-03-04,15,102,13.689837745098039
2024-03-04,16,124,17.38771760752688
2024-03-04,17,161,16.050194720496894
2024-03-04,18,164,15.8474581300813
2024-03-04,19,187,20.282909714795007
2024-03-04,20,195,20.703413504273502
2024-03-04,21,347,17.88215494716619
2024-03-04,22,479,15.759602574808628
2024-03-04,23,297,14.680683950617285
2024-03-05,0,176,14.505495738636363
2024-03-05,1,150,14.674350777777779
2024-03-05,2,115,15.35976811594203
2024-03-05,3,72,16.38368773148148
2024-03-05,4,57,15.92410701754386
2024-03-05,5,59,16.070678531073447
2024-03-05,6,27,17.28165864197531
2024-03-05,7,13,12.200974358974358
2024-03-05,8,6,13.920869444444444
2024-03-05,9,6,11.430033333333334
2024-03-05,10,21,12.593157142857143
2024-03-05,11,58,16.556325862068967
2024-03-05,12,209,14.818978947368421
2024-03-05,13,450,13.903164518518517
2024-03-05,14,247,13.265061605937921
2024-03-05,15,129,15.667039405684752
2024-03-05,16,180,17.963617037037036
2024-03-05,17,252,17.96369914021164
2024-03-05,18,262,17.728891603053434
2024-03-05,19,221,22.404654147812973
2024-03-05,20,262,16.72583320610687
2024-03-05,21,386,17.670981994818654
2024-03-05,22,593,15.899439066891514
2024-03-05,23,360,14.71733240740741
2024-03-06,0,242,14.713138154269972
2024-03-06,1,186,13.57032105734767
2024-03-06,2,148,14.728060022522522
2024-03-06,3,126,13.859217989417989
2024-03-06,4,67,14.595407711442785
2024-03-06,5,28,12.976024404761905
2024-03-06,6,22,18.18117196969697
2024-03-06,7,18,23.256346296296297
2024-03-06,8,9,14.510287037037036
2024-03-06,9,5,6.714499999999999
2024-03-06,10,14,8.096441666666667
2024-03-06,11,47,10.987272340425532
2024-03-06,12,154,13.586361580086582
2024-03-06,13,249,12.482545515394913
2024-03-06,14,147,11.296535260770975
2024-03-06,15,94,14.696046631205673
2024-03-06,16,107,12.184699376947039
2024-03-06,17,149,13.267688590604028
2024-03-06,18,119,12.330743137254903
2024-03-06,19,65,14.499903076923077
2024-03-06,20,102,13.291804738562092
2024-03-06,21,201,13.898517495854064
2024-03-06,22,347,14.205715754082613
2024-03-06,23,262,15.291620101781172
2024-03-07,0,220,14.262733712121213
2024-03-07,1,152,14.48993706140351
2024-03-07,2,114,14.608130409356725
2024-03-07,3,92,11.303492753623189
2024-03-07,4,70,10.434868571428572
2024-03-07,5,37,12.987298648648647
2024-03-07,6,14,15.473090476190476
2024-03-07,7,19,11.302713157894738
2024-03-07,8,6,30.401683333333335
2024-03-07,9,5,15.457253333333332
2024-03-07,10,21,13.529038095238096
2024-03-07,11,50,14.433133666666665
2024-03-07,12,177,13.922147928436912
2024-03-07,13,364,13.09096066849817
2024-03-07,14,212,12.327941823899373
2024-03-07,15,112,12.434343452380952
2024-03-07,16,152,14.977800109649124
2024-03-07,17,230,14.159950507246377
2024-03-07,18,197,16.589418020304567
2024-03-07,19,203,18.7927723316913
2024-03-07,20,231,18.775120923520923
2024-03-07,21,377,17.295827409372237
2024-03-07,22,515,15.463476278317152
2024-03-07,23,337,15.618002423343224
2024-03-08,0,252,15.142606216931217
2024-03-08,1,149,13.72115995525727
2024-03-08,2,130,13.605459102564103
2024-03-08,3,112,13.475693154761904
2024-03-08,4,86,12.3015496124031
2024-03-08,5,52,11.436671794871794
2024-03-08,6,36,15.193582870370372
2024-03-08,7,19,15.9699798245614
2024-03-08,8,17,9.444263725490195
2024-03-08,9,4,14.417479166666666
2024-03-08,10,19,11.435637719298247
2024-03-08,11,52,12.95184455128205
2024-03-08,12,157,14.917387898089173
2024-03-08,13,256,11.996868880208334
2024-03-08,14,166,13.453198293172692
2024-03-08,15,145,13.32596816091954
2024-03-08,16,175,14.773385333333334
2024-03-08,17,224,16.190250892857144
2024-03-08,18,239,16.981010181311017
2024-03-08,19,265,19.56071503144654
2024-03-08,20,281,18.8428115658363
2024-03-08,21,365,17.78215589041096
2024-03-08,22,410,16.935571138211383
2024-03-08,23,312,15.767411004273503
2024-03-09,0,208,14.228033092948719
2024-03-09,1,159,16.16465062893082
2024-03-09,2,113,14.497291887905604
2024-03-09,3,111,12.678323123123123
2024-03-09,4,102,12.88278839869281
2024-03-09,5,107,13.13256323987539
2024-03-09,6,102,14.872619281045752
2024-03-09,7,58,15.314583620689655
2024-03-09,8,47,12.818248936170214
2024-03-09,9,14,14.876932142857143
2024-03-09,10,13,11.627712820512821
2024-03-09,11,19,8.794690350877195
2024-03-09,12,42,11.73405753968254
2024-03-09,13,62,13.659284139784948
2024-03-09,14,105,13.825464444444446
2024-03-09,15,174,18.06346867816092
2024-03-09,16,160,16.596193020833333
2024-03-09,17,159,14.6101071278826
2024-03-09,18,134,12.402488930348259
2024-03-09,19,109,14.966049082568807
2024-03-09,20,144,12.675566550925925
2024-03-09,21,179,15.368698417132217
2024-03-09,22,115,13.834790869565218
2024-03-09,23,69,17.60032536231884
2024-03-10,0,48,16.399687152777776
2024-03-10,1,45,17.411459999999998
2024-03-10,2,30,11.044375555555556
2024-03-10,3,24,14.018907638888889
2024-03-10,4,14,10.60960238095238
2024-03-10,5,20,11.501325
2024-03-10,6,32,12.195271354166666
2024-03-10,7,19,15.096398245614033
2024-03-10,8,9,13.937140740740741
2024-03-10,9,2,22.766775
2024-03-10,10,6,13.282294444444446
2024-03-10,11,5,13.406963333333334
2024-03-10,12,15,16.167836666666666
2024-03-10,13,29,15.417972988505747
2024-03-10,14,30,12.75642
2024-03-10,15,58,13.69850603448276
2024-03-10,16,43,13.650488372093024
2024-03-10,17,76,16.41883399122807
2024-03-10,18,72,15.933834027777777
2024-03-10,19,97,16.23974295532646
2024-03-10,20,104,14.640248237179488
2024-03-10,21,120,14.515358055555556
2024-03-10,22,70,13.181591666666666
2024-03-10,23,49,16.207827551020408
2024-03-11,0,52,13.383850961538464
2024-03-11,1,32,14.674085416666667
2024-03-11,2,25,13.333028666666667
2024-03-11,3,22,14.81505984848485
2024-03-11,4,9,19.962737037037037
2024-03-11,5,5,20.063433333333336
2024-03-11,6,2,18.066633333333332
2024-03-11,7,2,5.5293
2024-03-11,8,2,16.769566666666666
2024-03-11,9,15,19.074720000000003
2024-03-11,10,27,11.398210493827161
2024-03-11,11,119,15.177299579831931
2024-03-11,12,196,14.18541275510204
2024-03-11,13,125,12.2552236
2024-03-11,14,70,14.446181666666668
2024-03-11,15,67,13.522632835820895
2024-03-11,16,81,13.426406790123458
2024-03-11,17,99,13.456110942760944
2024-03-11,18,104,12.082032532051283
2024-03-11,19,123,14.879183875338756
2024-03-11,20,193,13.38433756476684
2024-03-11,21,322,14.7540365942029
2024-03-11,22,249,13.985198058902277
2024-03-11,23,180,13.23675814814815
2024-03-12,0,112,12.465747172619047
2024-03-12,1,82,10.945064024390245
2024-03-12,2,67,13.25646815920398
2024-03-12,3,31,10.593056451612902
2024-03-12,4,21,16.02635873015873
2024-03-12,5,6,12.514247222222222
2024-03-12,6,2,18.368108333333335
2024-03-12,7,3,8.611283333333333
2024-03-12,8,6,9.623483333333333
2024-03-12,9,16,12.351415625000001
2024-03-12,10,43,11.45307945736434
2024-03-12,11,169,14.156710552268247
2024-03-12,12,346,14.077184393063586
2024-03-12,13,189,12.332201146384481
2024-03-12,14,120,12.706007083333333
2024-03-12,15,141,18.664939361702128
2024-03-12,16,174,14.926189559386973
2024-03-12,17,175,17.077907238095236
2024-03-12,18,177,15.15918870056497
2024-03-12,19,206,15.828783009708738
2024-03-12,20,358,17.221534217877096
2024-03-12,21,581,16.022464429145153
2024-03-12,22,425,15.0479
2024-03-12,23,253,14.240024571805005
2024-03-13,0,180,13.304262962962962
2024-03-13,1,161,13.142723395445133
2024-03-13,2,100,15.146964833333334
2024-03-13,3,67,15.720311940298508
2024-03-13,4,45,16.25102037037037
2024-03-13,5,24,12.70093611111111
2024-03-13,6,17,14.788622549019609
2024-03-13,7,6,8.429227777777777
2024-03-13,8,5,12.845086666666669
2024-03-13,9,21,12.627398412698412
2024-03-13,10,50,11.655391666666667
2024-03-13,11,176,14.54675975378788
2024-03-13,12,407,13.652575061425063
2024-03-13,13,241,11.795970954356847
2024-03-13,14,136,15.153012132352941
2024-03-13,15,136,12.624583578431372
2024-03-13,16,187,15.103867201426027
2024-03-13,17,171,15.692727387914228
2024-03-13,18,144,17.314966319444444
2024-03-13,19,219,15.474609741248097
2024-03-13,20,354,16.34252556497175
2024-03-13,21,524,15.711123091603055
2024-03-13,22,365,15.308596073059359
2024-03-13,23,262,13.569788295165395
2024-03-14,0,204,12.957763970588235
2024-03-14,1,139,12.467142925659472
2024-03-14,2,103,11.343173139158576
2024-03-14,3,70,12.987436428571426
2024-03-14,4,42,15.875011904761905
2024-03-14,5,23,13.845066666666666
2024-03-14,6,7,11.196892857142856
2024-03-14,7,10,22.543961666666668
2024-03-14,8,6,11.366455555555556
2024-03-14,9,18,12.669160185185184
2024-03-14,10,55,11.851908484848485
2024-03-14,11,206,13.436514805825242
2024-03-14,12,430,13.37531015503876
2024-03-14,13,215,12.40671023255814
2024-03-14,14,135,13.583164074074071
2024-03-14,15,176,16.395397443181817
2024-03-14,16,229,13.315143813682678
2024-03-14,17,229,15.793276637554586
2024-03-14,18,243,18.072906652949246
2024-03-14,19,308,18.99044274891775
2024-03-14,20,506,17.82946709486166
2024-03-14,21,601,15.995083971159179
2024-03-14,22,427,16.358743481654958
2024-03-14,23,307,14.811971824104234
2024-03-15,0,244,14.383810245901639
2024-03-15,1,205,14.802024471544716
2024-03-15,2,139,14.567839088729016
2024-03-15,3,103,15.943289805825243
2024-03-15,4,76,13.47890942982456
2024-03-15,5,40,15.123648333333332
2024-03-15,6,21,12.862169841269841
2024-03-15,7,22,12.75399090909091
2024-03-15,8,5,13.512646666666665
2024-03-15,9,18,11.339008333333332
2024-03-15,10,40,11.685350416666667
2024-03-15,11,145,14.298394022988505
2024-03-15,12,284,12.1697470657277
2024-03-15,13,160,12.587604791666667
2024-03-15,14,144,11.552848495370371
2024-03-15,15,177,15.143109227871939
2024-03-15,16,242,15.31238891184573
2024-03-15,17,233,14.007533977110159
2024-03-15,18,265,17.550235660377357
2024-03-15,19,327,17.00114357798165
2024-03-15,20,494,17.539338562753038
2024-03-15,21,575,16.047695420289855
2024-03-15,22,435,16.79453908045977
2024-03-15,23,314,16.21585966029724
2024-03-16,0,225,16.974049185185184
2024-03-16,1,197,15.050618189509306
2024-03-16,2,136,16.44043455882353
2024-03-16,3,75,12.679914888888888
2024-03-16,4,93,15.836057885304658
2024-03-16,5,85,18.695423137254902
2024-03-16,6,76,15.11639912280702
2024-03-16,7,68,15.403257107843137
2024-03-16,8,20,14.448364166666668
2024-03-16,9,20,11.665278333333333
2024-03-16,10,24,9.429544444444444
2024-03-16,11,38,10.205989912280701
2024-03-16,12,74,16.420296846846846
2024-03-16,13,113,12.989283333333333
2024-03-16,14,138,13.587954106280193
2024-03-16,15,171,13.37720350877193
2024-03-16,16,188,15.089914450354609
2024-03-16,17,171,15.505839278752436
2024-03-16,18,228,18.745422149122806
2024-03-16,19,283,15.1159339811543
2024-03-16,20,278,15.90124520383693
2024-03-16,21,254,17.69289750656168
2024-03-16,22,266,16.113176503759398
2024-03-16,23,218,15.267826452599389
2024-03-17,0,137,16.141865571776155
2024-03-17,1,120,13.274385416666666
2024-03-17,2,122,13.816732786885245
2024-03-17,3,79,11.612558438818565
2024-03-17,4,94,11.320227482269503
2024-03-17,5,58,16.424051724137932
2024-03-17,6,39,14.233018803418803
2024-03-17,7,32,12.609730729166667
2024-03-17,8,16,12.863616666666667
2024-03-17,9,14,12.310907142857143
2024-03-17,10,16,15.037725000000002
2024-03-17,11,26,13.155264102564104
2024-03-17,12,56,11.64478125
2024-03-17,13,85,12.971556666666666
2024-03-17,14,110,13.857857272727275
2024-03-17,15,154,15.947767965367964
2024-03-17,16,217,16.983312519201228
2024-03-17,17,276,17.246975483091788
2024-03-17,18,309,16.117818176914778
2024-03-17,19,231,15.191837157287157
2024-03-17,20,231,15.924303823953826
2024-03-17,21,191,14.313571815008725
2024-03-17,22,215,16.61133449612403
2024-03-17,23,122,14.75673155737705
2024-03-18,0,107,13.821551090342679
2024-03-18,1,82,13.126640853658536
2024-03-18,2,58,11.51823908045977
2024-03-18,3,46,10.90408115942029
2024-03-18,4,28,11.40201488095238
2024-03-18,5,17,10.625536274509804
2024-03-18,6,11,17.204554545454545
2024-03-18,7,8,10.785547916666667
2024-03-18,8,6,12.957908333333334
2024-03-18,9,20,9.735480833333334
2024-03-18,10,55,12.162210606060604
2024-03-18,11,162,13.320956275720164
2024-03-18,12,306,12.358762962962961
2024-03-18,13,169,12.368272287968441
2024-03-18,14,98,12.842707993197278
2024-03-18,15,119,12.275237955182073
2024-03-18,16,176,13.708591761363637
2024-03-18,17,165,13.822314444444446
2024-03-18,18,120,13.776044444444445
2024-03-18,19,128,12.683981119791667
2024-03-18,20,254,13.907901049868766
2024-03-18,21,323,13.388129824561403
2024-03-18,22,183,13.451218579234974
2024-03-18,23,162,14.010580864197532
2024-03-19,0,116,11.44362327586207
2024-03-19,1,70,14.318058333333331
2024-03-19,2,56,11.344926785714287
2024-03-19,3,27,10.838716049382716
2024-03-19,4,15,14.901567777777778
2024-03-19,5,16,9.218555208333333
2024-03-19,6,3,14.348716666666668
2024-03-19,7,3,11.99458888888889
2024-03-19,8,6,13.755725
2024-03-19,9,14,8.781816666666668
2024-03-19,10,74,12.604547747747748
2024-03-19,11,187,13.50473725490196
2024-03-19,12,345,12.77983347826087
2024-03-19,13,187,10.911797860962567
2024-03-19,14,102,11.939675816993462
2024-03-19,15,141,14.299372340425531
2024-03-19,16,186,13.134671326164876
2024-03-19,17,171,13.889609649122807
2024-03-19,18,141,13.24373451536643
2024-03-19,19,197,12.574369712351945
2024-03-19,20,323,13.790674303405574
2024-03-19,21,469,13.793766417910449
2024-03-19,22,364,12.749727472527473
2024-03-19,23,243,12.969922496570645
2024-03-20,0,160,12.4520290625
2024-03-20,1,133,12.927680701754387
2024-03-20,2,62,12.596957795698925
2024-03-20,3,31,9.024724731182795
2024-03-20,4,20,11.722406666666666
2024-03-20,5,19,15.296952631578948
2024-03-20,6,4,13.6672875
2024-03-20,7,4,6.1443875
2024-03-20,8,6,10.720886111111112
2024-03-20,9,18,15.298412037037037
2024-03-20,10,59,12.05058870056497
2024-03-20,11,158,14.262726793248945
2024-03-20,12,286,13.629926864801865
2024-03-20,13,177,11.247426177024483
2024-03-20,14,105,12.082873650793651
2024-03-20,15,138,14.079170410628022
2024-03-20,16,185,12.815899819819819
2024-03-20,17,154,13.818802272727273
2024-03-20,18,139,15.102994964028778
2024-03-20,19,197,14.322029695431473
2024-03-20,20,336,13.111235168650794
2024-03-20,21,491,14.21030234215886
2024-03-20,22,318,13.07695639412998
2024-03-20,23,196,12.38147950680272
2024-03-21,0,176,12.95259668560606
2024-03-21,1,135,12.367216172839507
2024-03-21,2,99,13.338583501683503
2024-03-21,3,59,11.84901384180791
2024-03-21,4,36,12.62729675925926
2024-03-21,5,18,13.566559259259257
2024-03-21,6,6,8.987772222222222
2024-03-21,7,3,8.059477777777778
2024-03-21,8,5,14.261433333333335
2024-03-21,9,11,14.075981818181818
2024-03-21,10,50,13.166586
2024-03-21,11,182,13.538154670329671
2024-03-21,12,316,11.878641191983121
2024-03-21,13,156,10.941514636752135
2024-03-21,14,87,12.236548850574714
2024-03-21,15,114,11.523691228070176
2024-03-21,16,136,14.068583088235293
2024-03-21,17,138,10.87578502415459
2024-03-21,18,117,12.300839173789175
2024-03-21,19,162,12.29870781893004
2024-03-21,20,246,12.741307249322492
2024-03-21,21,351,13.43917502374169
2024-03-21,22,282,12.94896778959811
2024-03-21,23,176,12.329386742424242
2024-03-22,0,124,11.86663857526882
2024-03-22,1,118,12.124337711864406
2024-03-22,2,67,11.240578109452734
2024-03-22,3,46,13.606440942028986
2024-03-22,4,41,8.982631300813008
2024-03-22,5,14,9.151257142857144
2024-03-22,6,13,9.61236923076923
2024-03-22,7,10,9.674466666666666
2024-03-22,8,9,13.663764814814815
2024-03-22,9,13,10.134698717948718
2024-03-22,10,45,10.25332962962963
2024-03-22,11,123,12.491027777777779
2024-03-22,12,208,11.73172516025641
2024-03-22,13,146,10.1517801369863
2024-03-22,14,111,10.904493543543541
2024-03-22,15,127,13.370354199475067
2024-03-22,16,160,14.338881979166667
2024-03-22,17,151,12.708610706401766
2024-03-22,18,148,15.224929166666668
2024-03-22,19,171,12.785703703703705
2024-03-22,20,227,13.32132892804699
2024-03-22,21,303,13.173992354235423
2024-03-22,22,257,12.082709533073931
2024-03-22,23,209,14.142256937799045
2024-03-23,0,141,15.60783498817967
2024-03-23,1,120,12.275036666666667
2024-03-23,2,90,12.37728111111111
2024-03-23,3,88,11.352639772727274
2024-03-23,4,53,12.900625471698113
2024-03-23,5,66,13.828840909090909
2024-03-23,6,44,16.854941287878788
2024-03-23,7,35,15.000445238095239
2024-03-23,8,9,12.446142592592594
2024-03-23,9,9,7.443783333333333
2024-03-23,10,15,10.181472222222222
2024-03-23,11,19,12.28940701754386
2024-03-23,12,32,22.152505729166666
2024-03-23,13,33,14.001123737373737
2024-03-23,14,40,12.981600416666666
2024-03-23,15,53,15.428043396226414
2024-03-23,16,53,15.154172012578618
2024-03-23,17,61,16.1004543715847
2024-03-23,18,52,12.822862179487181
2024-03-23,19,71,14.280384976525822
2024-03-23,20,70,12.826745
2024-03-23,21,69,12.890741304347825
2024-03-23,22,86,15.53051027131783
2024-03-23,23,68,15.87886568627451
2024-03-24,0,54,15.523804320987654
2024-03-24,1,32,16.342563020833335
2024-03-24,2,31,14.310190860215053
2024-03-24,3,42,13.733494841269842
2024-03-24,4,41,11.725413821138211
2024-03-24,5,29,11.049470114942528
2024-03-24,6,18,11.98522037037037
2024-03-24,7,9,16.068338888888892
2024-03-24,8,10,12.089676666666666
2024-03-24,9,11,9.991125757575757
2024-03-24,10,9,9.649335185185187
2024-03-24,11,14,17.60597261904762
2024-03-24,12,41,14.211728048780486
2024-03-24,13,54,15.083525
2024-03-24,14,92,13.103117934782608
2024-03-24,15,117,19.096224216524213
2024-03-24,16,155,15.55357053763441
2024-03-24,17,176,17.552321212121214
2024-03-24,18,196,15.463977295918367
2024-03-24,19,219,16.185122602739725
2024-03-24,20,230,15.45416920289855
2024-03-24,21,215,14.70045527131783
2024-03-24,22,228,17.16744941520468
2024-03-24,23,137,13.32358795620438
2024-03-25,0,117,12.689602136752137
2024-03-25,1,81,13.65249485596708
2024-03-25,2,51,14.756383006535948
2024-03-25,3,48,14.32616736111111
2024-03-25,4,33,12.801610606060606
2024-03-25,5,8,10.558095833333333
2024-03-25,6,3,9.239044444444444
2024-03-25,7,8,7.475460416666667
2024-03-25,8,8,12.211229166666666
2024-03-25,9,15,10.747874444444445
2024-03-25,10,43,10.552008139534884
2024-03-25,11,162,13.56066913580247
2024-03-25,12,329,12.947446301925025
2024-03-25,13,178,13.416916666666669
2024-03-25,14,121,12.14163002754821
2024-03-25,15,148,13.97211171171171
2024-03-25,16,202,12.958152722772278
2024-03-25,17,213,15.754647026604069
2024-03-25,18,210,16.341797857142858
2024-03-25,19,272,18.269355024509803
2024-03-25,20,390,15.970083547008546
2024-03-25,21,570,14.221714210526315
2024-03-25,22,416,13.666316907051282
2024-03-25,23,249,12.792261178045516
2024-03-26,0,207,12.54852117552335
2024-03-26,1,137,13.16165583941606
2024-03-26,2,118,11.721369632768361
2024-03-26,3,82,13.218157926829269
2024-03-26,4,47,14.291690780141844
2024-03-26,5,19,13.372264035087719
2024-03-26,6,5,7.0613866666666665
2024-03-26,7,3,9.381122222222222
2024-03-26,8,8,11.500804166666667
2024-03-26,9,18,10.888119444444445
2024-03-26,10,67,13.046661940298508
2024-03-26,11,235,14.91751425531915
2024-03-26,12,481,12.537503257103259
2024-03-26,13,240,11.462648194444444
2024-03-26,14,160,13.470192083333334
2024-03-26,15,180,13.98847824074074
2024-03-26,16,291,14.774350286368845
2024-03-26,17,257,13.674070038910505
2024-03-26,18,252,14.805585648148147
2024-03-26,19,307,15.413576112920738
2024-03-26,20,467,14.80051159885796
2024-03-26,21,693,13.87759098124098
2024-03-26,22,517,14.565698678272083
2024-03-26,23,364,13.382405265567765
2024-03-27,0,274,12.068493673965937
2024-03-27,1,225,15.13100288888889
2024-03-27,2,128,12.490391927083333
2024-03-27,3,96,15.492718923611113
2024-03-27,4,50,11.064630333333334
2024-03-27,5,28,12.317610119047618
2024-03-27,6,12,12.684970833333333
2024-03-27,7,12,5.830809722222223
2024-03-27,8,9,17.960099999999997
2024-03-27,9,23,11.80446956521739
2024-03-27,10,57,9.976605555555556
2024-03-27,11,145,12.654830804597701
2024-03-27,12,394,12.68778836717428
2024-03-27,13,267,11.438556491885144
2024-03-27,14,179,13.78556582867784
2024-03-27,15,259,13.567603732303732
2024-03-27,16,293,13.721292718998862
2024-03-27,17,318,15.074584329140462
2024-03-27,18,326,16.725709662576687
2024-03-27,19,353,13.874833522190745
2024-03-27,20,573,15.251713641652124
2024-03-27,21,859,15.89048746604579
2024-03-27,22,646,14.592885784313724
2024-03-27,23,440,14.071979659090909
2024-03-28,0,298,14.420629194630871
2024-03-28,1,253,13.239817588932807
2024-03-28,2,195,13.423525811965812
2024-03-28,3,153,13.155369498910675
2024-03-28,4,91,13.315106043956042
2024-03-28,5,48,13.552987847222221
2024-03-28,6,18,13.557118518518518
2024-03-28,7,17,14.10765588235294
2024-03-28,8,14,10.286259523809523
2024-03-28,9,35,14.379892380952382
2024-03-28,10,84,11.421733134920636
2024-03-28,11,276,13.028078200483092
2024-03-28,12,552,12.642362952898551
2024-03-28,13,302,11.92281087196468
2024-03-28,14,210,14.305712698412698
2024-03-28,15,256,13.279208333333333
2024-03-28,16,352,13.86426846590909
2024-03-28,17,338,14.350892652859962
2024-03-28,18,316,14.979149789029536
2024-03-28,19,402,13.191828689883913
2024-03-28,20,979,19.135355039155602
2024-03-28,21,1388,18.462902041306435
2024-03-28,22,988,17.23327972334683
2024-03-28,23,512,14.099270572916668
2024-03-29,0,380,14.386293859649124
2024-03-29,1,308,14.724543344155844
2024-03-29,2,214,13.649555996884734
2024-03-29,3,199,13.068401088777218
2024-03-29,4,121,11.378338567493113
2024-03-29,5,118,13.450445056497173
2024-03-29,6,65,13.41757641025641
2024-03-29,7,48,14.869956944444445
2024-03-29,8,23,14.548875362318842
2024-03-29,9,27,11.417485802469137
2024-03-29,10,41,8.482216260162602
2024-03-29,11,100,13.767958499999999
2024-03-29,12,163,12.491320552147238
2024-03-29,13,198,13.628447979797981
2024-03-29,14,301,13.21337696566999
2024-03-29,15,392,15.09796411564626
2024-03-29,16,470,16.567657872340423
2024-03-29,17,536,17.808850590796016
2024-03-29,18,537,18.402825636250775
2024-03-29,19,606,17.223626265126512
2024-03-29,20,607,17.589192009884677
2024-03-29,21,643,15.463195256609641
2024-03-29,22,504,15.205611607142856
2024-03-29,23,350,12.785981047619048
2024-03-30,0,258,14.377510206718345
2024-03-30,1,208,14.531780368589743
2024-03-30,2,162,12.387168004115226
2024-03-30,3,161,14.276581366459625
2024-03-30,4,155,13.226060430107529
2024-03-30,5,112,13.474138839285715
2024-03-30,6,72,15.084052546296297
2024-03-30,7,73,12.497158447488586
2024-03-30,8,30,10.46924111111111
2024-03-30,9,24,11.54336736111111
2024-03-30,10,31,12.35195376344086
2024-03-30,11,52,9.693059294871794
2024-03-30,12,102,10.481663235294118
2024-03-30,13,157,13.438089915074311
2024-03-30,14,212,12.386373349056603
2024-03-30,15,285,15.402901052631579
2024-03-30,16,295,17.071150282485878
2024-03-30,17,354,14.627743314500941
2024-03-30,18,450,17.407326296296297
2024-03-30,19,498,18.83414410977242
2024-03-30,20,495,17.49167367003367
2024-03-30,21,473,17.001779422128262
2024-03-30,22,388,14.526624269759449
2024-03-30,23,313,15.512146166134183
2024-03-31,0,244,12.079214890710382
2024-03-31,1,214,12.23775070093458
2024-03-31,2,182,14.136521703296705
2024-03-31,3,177,11.956289359698681
2024-03-31,4,133,11.402780075187971
2024-03-31,5,100,13.890158333333334
2024-03-31,6,105,13.958323333333334
2024-03-31,7,67,18.31337462686567
2024-03-31,8,41,12.926304878048779
2024-03-31,9,25,10.794463333333333
2024-03-31,10,29,9.201177011494254
2024-03-31,11,45,9.988871851851853
2024-03-31,12,83,11.191226104417671
2024-03-31,13,132,12.494971843434342
2024-03-31,14,227,14.574037738619676
2024-03-31,15,295,17.4411993220339
2024-03-31,16,366,19.962370856102
2024-03-31,17,407,18.48098714168714
2024-03-31,18,509,20.473556974459722
2024-03-31,19,508,19.595892027559053
2024-03-31,20,541,19.57351999383857
2024-03-31,21,454,17.399451138032305
2024-03-31,22,432,15.06598213734568
2024-03-31,23,382,15.163458813263526
2024-04-01,0,234,12.968602777777777
2024-04-01,1,207,15.958646457326891
2024-04-01,2,165,12.34226111111111
2024-04-01,3,123,13.42436517615176
2024-04-01,4,82,12.04519979674797
2024-04-01,5,77,12.127929437229438
2024-04-01,6,56,16.059889583333334
2024-04-01,7,29,11.973096551724137
2024-04-01,8,24,18.77314652777778
2024-04-01,9,25,11.573512666666666
2024-04-01,10,67,9.618661691542288
2024-04-01,11,108,12.492284567901233
2024-04-01,12,216,11.479073456790124
2024-04-01,13,204,12.838909885620915
2024-04-01,14,273,14.349316483516484
2024-04-01,15,385,15.43243883116883
2024-04-01,16,410,16.812075243902438
2024-04-01,17,512,15.852747200520835
2024-04-01,18,497,15.603110965794768
2024-04-01,19,479,13.693948434237996
2024-04-01,20,443,13.048902859292703
2024-04-01,21,619,13.382658158319872
2024-04-01,22,584,13.436253310502284
2024-04-01,23,440,12.542605151515152
2024-04-02,0,325,11.374463487179487
2024-04-02,1,234,11.905983974358975
2024-04-02,2,179,12.224712104283052
2024-04-02,3,143,11.101224592074592
2024-04-02,4,67,10.819470895522388
2024-04-02,5,35,10.90872
2024-04-02,6,20,10.9025025
2024-04-02,7,10,12.728621666666665
2024-04-02,8,14,11.570069047619047
2024-04-02,9,34,11.384670098039216
2024-04-02,10,114,12.077787865497076
2024-04-02,11,366,13.812404326047359
2024-04-02,12,744,12.530834072580644
2024-04-02,13,441,11.206547127739984
2024-04-02,14,279,11.381643847072878
2024-04-02,15,382,12.716439179755671
2024-04-02,16,452,12.819379351032449
2024-04-02,17,521,14.364527063339732
2024-04-02,18,562,14.022658926453143
2024-04-02,19,696,14.987363002873563
2024-04-02,20,1152,14.994885619212962
2024-04-02,21,1614,14.523999638579099
2024-04-02,22,1258,13.850685625331215
2024-04-02,23,837,12.93001943448825
2024-04-03,0,608,11.448278262061404
2024-04-03,1,487,12.350727549623546
2024-04-03,2,365,12.504527031963471
2024-04-03,3,222,11.63363918918919
2024-04-03,4,106,10.454746855345912
2024-04-03,5,55,13.827058181818183
2024-04-03,6,26,8.520698076923077
2024-04-03,7,13,14.824678205128206
2024-04-03,8,19,15.886455263157893
2024-04-03,9,47,11.869581205673759
2024-04-03,10,153,11.492621132897604
2024-04-03,11,581,13.95677223178428
2024-04-03,12,1170,12.536376253561254
2024-04-03,13,629,11.76729851616322
2024-04-03,14,484,11.31169194214876
2024-04-03,15,618,11.864551483279396
2024-04-03,16,669,11.459121474838067
2024-04-03,17,632,11.938709704641349
2024-04-03,18,641,13.077089521580863
2024-04-03,19,753,12.399350221336874
2024-04-03,20,1126,12.658649378330372
2024-04-03,21,1382,11.539580836951279
2024-04-03,22,819,11.477334371184371
2024-04-03,23,452,10.728984882005898
2024-04-04,0,279,10.054152150537636
2024-04-04,1,208,9.837318349358974
2024-04-04,2,96,9.885528472222221
2024-04-04,3,47,12.457364539007092
2024-04-04,4,28,10.968905357142857
2024-04-04,5,9,14.16667037037037
2024-04-04,6,5,16.33181666666667
2024-04-04,7,4,14.769054166666665
2024-04-04,8,9,12.238020370370371
2024-04-04,9,6,13.98625
2024-04-04,10,22,22.35988484848485
2024-04-04,11,46,16.45885615942029
2024-04-04,12,69,16.064564009661837
2024-04-04,13,41,14.19785
2024-04-04,14,22,12.646918181818181
2024-04-04,15,24,16.448254861111113
2024-04-04,16,34,14.754269117647059
2024-04-04,17,52,14.784370192307692
2024-04-04,18,37,13.47911036036036
2024-04-04,19,55,13.91893
2024-04-04,20,85,13.894496470588233
2024-04-04,21,162,16.07478364197531
2024-04-04,22,162,13.59448024691358
2024-04-04,23,136,13.95707830882353
2024-04-05,0,127,13.39475157480315
2024-04-05,1,85,15.430706274509804
2024-04-05,2,87,11.834779310344828
2024-04-05,3,68,13.14801887254902
2024-04-05,4,36,8.572583796296296
2024-04-05,5,35,15.936404285714284
2024-04-05,6,23,8.082144927536232
2024-04-05,7,21,10.215820634920634
2024-04-05,8,11,10.667654545454546
2024-04-05,9,20,9.8545575
2024-04-05,10,64,10.828352083333334
2024-04-05,11,157,11.310884288747346
2024-04-05,12,284,12.546655692488262
2024-04-05,13,246,10.283341056910569
2024-04-05,14,163,9.334540388548056
2024-04-05,15,237,11.820503867791842
2024-04-05,16,276,11.036538586956521
2024-04-05,17,320,11.874945520833332
2024-04-05,18,295,11.58303824858757
2024-04-05,19,372,13.035591308243726
2024-04-05,20,430,11.948712325581395
2024-04-05,21,484,12.37340079201102
2024-04-05,22,371,11.558589937106916
2024-04-05,23,321,12.309223883696783
2024-04-06,0,302,12.277984437086094
2024-04-06,1,253,11.90373906455863
2024-04-06,2,220,12.961133712121212
2024-04-06,3,204,12.428909967320262
2024-04-06,4,194,12.621168642611684
2024-04-06,5,159,11.72465639412998
2024-04-06,6,163,15.218127096114518
2024-04-06,7,131,14.782718956743002
2024-04-06,8,36,11.891739351851852
2024-04-06,9,45,13.536328518518518
2024-04-06,10,57,10.003937426900585
2024-04-06,11,95,10.432881578947368
2024-04-06,12,209,11.334985964912281
2024-04-06,13,315,11.988046613756612
2024-04-06,14,416,10.982541025641025
2024-04-06,15,535,12.502867570093457
2024-04-06,16,590,13.147841553672317
2024-04-06,17,729,13.000452834933698
2024-04-06,18,846,14.60959292750197
2024-04-06,19,916,14.268256677583697
2024-04-06,20,892,14.44498086696562
2024-04-06,21,879,13.766737182404247
2024-04-06,22,896,13.42122496279762
2024-04-06,23,721,13.982753166897828
2024-04-07,0,549,12.942446205221614
2024-04-07,1,473,13.177353946441155
2024-04-07,2,395,12.771111139240508
2024-04-07,3,410,12.857467235772356
2024-04-07,4,338,13.11652761341223
2024-04-07,5,278,12.642468045563549
2024-04-07,6,225,14.390279259259259
2024-04-07,7,170,13.200054901960785
2024-04-07,8,78,11.469140384615384
2024-04-07,9,51,12.275588235294117
2024-04-07,10,66,9.404904292929293
2024-04-07,11,95,10.29645105263158
2024-04-07,12,232,11.73221889367816
2024-04-07,13,435,15.036678888888888
2024-04-07,14,808,14.940167347359735
2024-04-07,15,1067,16.31228031865042
2024-04-07,16,1261,18.582371305841924
2024-04-07,17,1514,18.942165279612507
2024-04-07,18,1988,20.25381483065057
2024-04-07,19,2095,20.906431066030233
2024-04-07,20,2134,18.977630802874103
2024-04-07,21,1807,18.009431248847076
2024-04-07,22,1567,16.994878983195065
2024-04-07,23,1092,15.601542612942614
2024-04-08,0,715,14.565514568764568
2024-04-08,1,563,14.437409177027828
2024-04-08,2,402,14.075842578772804
2024-04-08,3,309,11.47565167206041
2024-04-08,4,188,12.49664920212766
2024-04-08,5,104,12.774778685897436
2024-04-08,6,56,13.431297023809522
2024-04-08,7,36,15.158097685185185
2024-04-08,8,24,12.066778472222223
2024-04-08,9,85,12.896269215686274
2024-04-08,10,223,12.451733109118088
2024-04-08,11,719,13.542997311080203
2024-04-08,12,1308,12.957971878185525
2024-04-08,13,881,12.453502402572834
2024-04-08,14,839,14.569641716328961
2024-04-08,15,1205,15.903594121715075
2024-04-08,16,1888,16.63036133474576
2024-04-08,17,2502,19.339262456701306
2024-04-08,18,2409,22.43950596374706
2024-04-08,19,1723,22.047337415360804
2024-04-08,20,2474,20.062100815144166
2024-04-08,21,2557,16.69594010559249
2024-04-08,22,2116,15.687763264020164
2024-04-08,23,1460,14.1331948173516
2024-04-09,0,1052,13.70023141634981
2024-04-09,1,856,13.445422410436137
2024-04-09,2,574,13.218109291521486
2024-04-09,3,363,11.864257300275481
2024-04-09,4,177,13.44352966101695
2024-04-09,5,84,14.51239523809524
2024-04-09,6,57,14.155253216374268
2024-04-09,7,38,12.827882456140351
2024-04-09,8,37,12.191739189189189
2024-04-09,9,97,12.334695017182131
2024-04-09,10,321,12.167613655244029
2024-04-09,11,1208,15.172026296909491
2024-04-09,12,1967,13.768107998644297
2024-04-09,13,993,13.175125377643504
2024-04-09,14,787,14.398834307496822
2024-04-09,15,943,15.393364121597736
2024-04-09,16,1270,14.869433385826772
2024-04-09,17,1213,14.713945891728496
2024-04-09,18,1306,16.44628161051557
2024-04-09,19,1589,16.368068491713867
2024-04-09,20,2479,16.644280395320692
2024-04-09,21,3604,16.19509259618942
2024-04-09,22,2776,16.33753044548511
2024-04-09,23,1901,14.889597115553217
2024-04-10,0,1137,14.299806493696863
2024-04-10,1,987,13.459780800405268
2024-04-10,2,787,13.240954786107583
2024-04-10,3,402,12.08704535655058
2024-04-10,4,211,12.414893206951028
2024-04-10,5,94,11.912275709219857
2024-04-10,6,57,14.174415497076023
2024-04-10,7,38,10.769003070175438
2024-04-10,8,28,12.630289285714285
2024-04-10,9,78,11.972737393162394
2024-04-10,10,347,11.78933688760807
2024-04-10,11,1148,14.401231881533102
2024-04-10,12,1998,13.246874182515848
2024-04-10,13,1021,12.182605272608553
2024-04-10,14,762,13.039400021872265
2024-04-10,15,934,12.676680460385437
2024-04-10,16,1133,12.673106825536923
2024-04-10,17,1064,13.14273518170426
2024-04-10,18,1116,13.352405421146953
2024-04-10,19,1456,14.367134260531135
2024-04-10,20,2143,14.608886763104682
2024-04-10,21,3018,14.4702036503203
2024-04-10,22,2452,14.403805131865145
2024-04-10,23,1743,13.7843993210939
2024-04-11,0,1184,12.46197594313063
2024-04-11,1,958,12.902602209464161
2024-04-11,2,775,13.310806494623657
2024-04-11,3,507,12.542031262327415
2024-04-11,4,300,12.444175833333334
2024-04-11,5,143,12.650168764568765
2024-04-11,6,87,13.531727203065135
2024-04-11,7,53,11.259818867924528
2024-04-11,8,52,14.43350641025641
2024-04-11,9,81,12.444136008230453
2024-04-11,10,378,12.022816887125222
2024-04-11,11,1263,14.307900250725785
2024-04-11,12,2179,13.963781413492429
2024-04-11,13,1131,13.596318685529031
2024-04-11,14,838,12.58765708035004
2024-04-11,15,800,12.124544958333333
2024-04-11,16,580,11.66985356321839
2024-04-11,17,508,11.081588024934383
2024-04-11,18,364,11.649278525641027
2024-04-11,19,482,11.782877524204704
2024-04-11,20,1345,12.830264708798016
2024-04-11,21,2233,13.55234107329452
2024-04-11,22,2098,12.897760613282491
2024-04-11,23,1605,12.915576313603324
2024-04-12,0,1170,12.147073746438744
2024-04-12,1,1022,12.976821836268753
2024-04-12,2,820,12.888728048780488
2024-04-12,3,506,11.332940876152833
2024-04-12,4,147,9.558167006802721
2024-04-12,5,83,12.250240562248996
2024-04-12,6,61,11.661265300546448
2024-04-12,7,48,13.663476736111113
2024-04-12,8,58,12.59746724137931
2024-04-12,9,68,11.401112009803922
2024-04-12,10,245,10.61268292517007
2024-04-12,11,752,12.317445190602838
2024-04-12,12,1372,11.878184147230321
2024-04-12,13,1003,11.4957383183782
2024-04-12,14,849,12.46057728700432
2024-04-12,15,1112,12.763950569544363
2024-04-12,16,1505,13.085496323366558
2024-04-12,17,1515,12.921461837183719
2024-04-12,18,1527,13.709605348177254
2024-04-12,19,1660,11.93063078313253
2024-04-12,20,1091,10.555443018637336
2024-04-12,21,731,10.584576288189695
2024-04-12,22,507,10.920035963182116
2024-04-12,23,536,10.113306281094527
2024-04-13,0,422,10.514252804107427
2024-04-13,1,557,12.154744703770197
2024-04-13,2,562,12.589459667852907
2024-04-13,3,581,12.497262277682157
2024-04-13,4,575,12.897382579710145
2024-04-13,5,512,14.08841787109375
2024-04-13,6,457,14.970340554339899
2024-04-13,7,301,14.198666777408638
2024-04-13,8,89,12.574858988764046
2024-04-13,9,74,9.995424324324324
2024-04-13,10,102,10.472637745098039
2024-04-13,11,241,11.020236168741356
2024-04-13,12,478,12.009515690376569
2024-04-13,13,820,12.37206680894309
2024-04-13,14,933,12.415336227224008
2024-04-13,15,1028,11.190275291828794
2024-04-13,16,1112,13.342908288369305
2024-04-13,17,1091,11.348133929117019
2024-04-13,18,903,11.818290014765596
2024-04-13,19,767,11.887642785745328
2024-04-13,20,692,11.310203998073218
2024-04-13,21,740,10.872702432432432
2024-04-13,22,843,10.79011330565441
2024-04-13,23,645,10.730361912144703
2024-04-14,0,434,10.236751305683564
2024-04-14,1,428,11.042864524922118
2024-04-14,2,454,11.64394309838473
2024-04-14,3,521,10.219643314139477
2024-04-14,4,449,10.631658203414997
2024-04-14,5,477,11.6789464709993
2024-04-14,6,322,12.801657142857144
2024-04-14,7,279,12.960597013142175
2024-04-14,8,97,13.077535051546391
2024-04-14,9,76,12.37208048245614
2024-04-14,10,86,10.9531753875969
2024-04-14,11,199,11.806196063651592
2024-04-14,12,410,12.612073292682926
2024-04-14,13,853,14.722978956623681
2024-04-14,14,1375,14.843064569696969
2024-04-14,15,1860,16.87375762544803
2024-04-14,16,1977,16.397399595346485
2024-04-14,17,2000,15.423711116666666
2024-04-14,18,1789,14.52397992360723
2024-04-14,19,1425,12.568525964912281
2024-04-14,20,1086,11.997458824432167
2024-04-14,21,685,11.656209635036497
2024-04-14,22,694,11.811124999999999
2024-04-14,23,680,11.773253602941177
2024-04-15,0,630,11.87744970899471
2024-04-15,1,493,12.10796768086545
2024-04-15,2,447,12.384456897837435
2024-04-15,3,284,10.902292781690141
2024-04-15,4,189,12.079101587301588
2024-04-15,5,113,11.02349778761062
2024-04-15,6,58,13.739549712643678
2024-04-15,7,50,11.140936666666667
2024-04-15,8,39,9.838419230769231
2024-04-15,9,115,12.166189275362319
2024-04-15,10,400,12.700222583333334
2024-04-15,11,1227,13.943973947296932
2024-04-15,12,2145,12.250221631701631
2024-04-15,13,1178,11.698203551216752
2024-04-15,14,1011,12.597488048137159
2024-04-15,15,1274,13.167998770277341
2024-04-15,16,1604,13.059722516625103
2024-04-15,17,1585,13.049805993690853
2024-04-15,18,1567,13.929860540310571
2024-04-15,19,1943,14.839238256990907
2024-04-15,20,2857,14.229303972698634
2024-04-15,21,3807,13.806122515541546
2024-04-15,22,2842,12.852770765892565
2024-04-15,23,1605,12.002259574247145
2024-04-16,0,1344,11.989459908234128
2024-04-16,1,998,12.147343102872412
2024-04-16,2,751,11.401114580559254
2024-04-16,3,500,11.277360966666667
2024-04-16,4,210,9.67023119047619
2024-04-16,5,113,10.93079587020649
2024-04-16,6,70,9.812133571428571
2024-04-16,7,45,13.285939629629627
2024-04-16,8,53,9.60279748427673
2024-04-16,9,124,12.949098252688172
2024-04-16,10,522,12.492991283524905
2024-04-16,11,1730,13.761599701348747
2024-04-16,12,2910,13.115763109965634
2024-04-16,13,1502,12.630297447847314
2024-04-16,14,1152,12.778080063657406
2024-04-16,15,1363,13.344786402543408
2024-04-16,16,1767,12.667896717600453
2024-04-16,17,1671,12.968064542190305
2024-04-16,18,1686,13.974077135231317
2024-04-16,19,2020,14.29267053630363
2024-04-16,20,3149,14.872045919339472
2024-04-16,21,4427,14.472240923123259
2024-04-16,22,3359,14.276786985213851
2024-04-16,23,2420,13.017621487603305
2024-04-17,0,1667,12.442546820635872
2024-04-17,1,1289,11.927461042151538
2024-04-17,2,958,11.675020842032012
2024-04-17,3,583,11.263853916523729
2024-04-17,4,323,11.184927244582044
2024-04-17,5,158,11.138509915611815
2024-04-17,6,72,10.252470601851853
2024-04-17,7,51,9.506681045751636
2024-04-17,8,42,12.037953174603174
2024-04-17,9,126,11.639167460317461
2024-04-17,10,499,11.952983500334001
2024-04-17,11,1667,13.964334813037393
2024-04-17,12,2871,12.628655880645537
2024-04-17,13,1474,11.839322161917684
2024-04-17,14,1077,12.005926431445374
2024-04-17,15,1315,13.453880253485426
2024-04-17,16,2063,13.112592397802551
2024-04-17,17,1750,13.288759038095238
2024-04-17,18,1667,13.304410107978404
2024-04-17,19,2506,15.137659676775737
2024-04-17,20,2880,13.671623489583334
2024-04-17,21,3961,13.645759997475384
2024-04-17,22,3183,12.55919120850351
2024-04-17,23,2216,11.990672044223826
2024-04-18,0,1593,12.071581439631723
2024-04-18,1,1294,11.57391939721793
2024-04-18,2,938,11.45095211442786
2024-04-18,3,614,11.315019842562434
2024-04-18,4,354,11.311523352165725
2024-04-18,5,296,13.645162781531532
2024-04-18,6,111,11.924054204204204
2024-04-18,7,75,11.025519333333333
2024-04-18,8,67,11.336703482587064
2024-04-18,9,119,12.257868067226891
2024-04-18,10,516,11.946814179586564
2024-04-18,11,1619,13.124735495161621
2024-04-18,12,2979,12.972508492782813
2024-04-18,13,1692,11.970813780535854
2024-04-18,14,1158,11.955607009211283
2024-04-18,15,1292,12.007684455624355
2024-04-18,16,1429,10.776998950314905
2024-04-18,17,986,9.884777298850576
2024-04-18,18,650,10.816492538461539
2024-04-18,19,790,11.77723246835443
2024-04-18,20,1141,11.232365731814198
2024-04-18,21,1884,11.580440728945506
2024-04-18,22,1834,11.153444856415849
2024-04-18,23,1383,10.93745233791275
2024-04-19,0,1220,11.932754385245902
2024-04-19,1,1066,11.87071454033771
2024-04-19,2,822,10.800869505271693
2024-04-19,3,608,11.941466091008772
2024-04-19,4,407,11.053755405405406
2024-04-19,5,209,12.86291076555024
2024-04-19,6,119,10.625023529411765
2024-04-19,7,106,13.972918710691825
2024-04-19,8,51,10.066991503267973
2024-04-19,9,114,13.42528932748538
2024-04-19,10,290,9.513541781609195
2024-04-19,11,934,12.04515335474661
2024-04-19,12,1693,11.340769462492617
2024-04-19,13,1223,10.987184014717906
2024-04-19,14,1112,11.103525494604318
2024-04-19,15,1431,11.342988597717214
2024-04-19,16,1774,11.512878579481399
2024-04-19,17,1748,11.351774914187642
2024-04-19,18,1546,11.462738206123328
2024-04-19,19,1423,11.050061220426329
2024-04-19,20,1946,11.701211116820831
2024-04-19,21,1935,11.519539000861327
2024-04-19,22,1781,11.892812259030507
2024-04-19,23,1475,11.723433310734464
2024-04-20,0,1161,11.58419654033879
2024-04-20,1,1057,12.330355345316933
2024-04-20,2,854,12.462280893832943
2024-04-20,3,934,11.522184011420414
2024-04-20,4,850,11.780949156862745
2024-04-20,5,734,14.305809673024523
2024-04-20,6,445,13.329209812734083
2024-04-20,7,332,13.928834638554216
2024-04-20,8,156,12.665056196581196
2024-04-20,9,82,11.57262662601626
2024-04-20,10,225,9.590219333333334
2024-04-20,11,370,11.201408963963964
2024-04-20,12,807,12.342557971912434
2024-04-20,13,1289,12.472945862425652
2024-04-20,14,1794,14.049812997027129
2024-04-20,15,2227,14.319866861248316
2024-04-20,16,2530,15.157779505928854
2024-04-20,17,2881,16.300851868564155
2024-04-20,18,3197,16.38046318423522
2024-04-20,19,3093,16.510420153033735
2024-04-20,20,2952,15.858965831074979
2024-04-20,21,2604,13.890900134408602
2024-04-20,22,2271,13.868736731249083
2024-04-20,23,1906,13.320106558237146
2024-04-21,0,1436,12.414829468430826
2024-04-21,1,1052,11.635381194550064
2024-04-21,2,1045,11.593138771929825
2024-04-21,3,918,11.542337563543937
2024-04-21,4,764,11.349388896160558
2024-04-21,5,664,12.200854267068273
2024-04-21,6,475,13.363407789473683
2024-04-21,7,332,12.793097791164659
2024-04-21,8,149,11.114283668903804
2024-04-21,9,96,11.629472569444445
2024-04-21,10,115,8.923542318840578
2024-04-21,11,243,11.503741906721537
2024-04-21,12,504,11.673861805555557
2024-04-21,13,881,12.04064366250473
2024-04-21,14,1256,11.90811462314225
2024-04-21,15,1487,11.71731524321901
2024-04-21,16,1769,13.012859534576974
2024-04-21,17,1708,13.402361319281813
2024-04-21,18,1864,13.31895806509299
2024-04-21,19,1861,13.259514248611858
2024-04-21,20,1782,12.470114450056117
2024-04-21,21,1850,13.151430828828829
2024-04-21,22,1560,13.379341014957264
2024-04-21,23,1249,11.993972631438483
2024-04-22,0,958,11.455924982602644
2024-04-22,1,692,10.973611801541425
2024-04-22,2,433,10.347774172440339
2024-04-22,3,280,9.886461011904762
2024-04-22,4,197,9.5954141285956
2024-04-22,5,115,11.496214782608696
2024-04-22,6,60,10.461522222222223
2024-04-22,7,56,12.905081249999999
2024-04-22,8,43,11.714445736434108
2024-04-22,9,96,11.883378125
2024-04-22,10,421,9.734894576405384
2024-04-22,11,1211,12.508745127993395
2024-04-22,12,2086,11.614780385107064
2024-04-22,13,1186,10.959381928049467
2024-04-22,14,952,10.659662535014006
2024-04-22,15,1139,10.969656877377817
2024-04-22,16,1501,12.06551222518321
2024-04-22,17,1419,11.484989194268264
2024-04-22,18,1433,12.993745022098164
2024-04-22,19,1914,13.891680242075932
2024-04-22,20,2708,13.316146134908912
2024-04-22,21,3599,13.40497405297768
2024-04-22,22,2786,12.739683865757359
2024-04-22,23,2039,11.694351463135524
2024-04-23,0,1442,11.511118215441517
2024-04-23,1,1089,10.780442516069789
2024-04-23,2,804,10.938208789386401
2024-04-23,3,438,10.966629147640791
2024-04-23,4,237,9.731413150492266
2024-04-23,5,125,11.892912666666668
2024-04-23,6,69,10.217213285024155
2024-04-23,7,61,11.729540163934427
2024-04-23,8,49,12.158228911564628
2024-04-23,9,147,12.405283333333333
2024-04-23,10,543,11.73359100675261
2024-04-23,11,1796,13.835640979955457
2024-04-23,12,3177,12.6428281817228
2024-04-23,13,1669,11.706585260635112
2024-04-23,14,1324,12.479750730110775
2024-04-23,15,1492,13.020670878016087
2024-04-23,16,2122,12.690295578071003
2024-04-23,17,1982,13.824241717120753
2024-04-23,18,1913,14.236553075448684
2024-04-23,19,2466,15.14877440524466
2024-04-23,20,3701,14.50644497883455
2024-04-23,21,4992,14.387749726228634
2024-04-23,22,3604,12.86674798372179
2024-04-23,23,2508,12.670413098086124
2024-04-24,0,1722,12.64077743902439
2024-04-24,1,1387,11.905217291516461
2024-04-24,2,1057,11.468111857458215
2024-04-24,3,498,9.575770080321286
2024-04-24,4,191,9.656719458987784
2024-04-24,5,107,10.420638940809969
2024-04-24,6,62,10.934579838709677
2024-04-24,7,50,12.157166
2024-04-24,8,36,10.260385185185186
2024-04-24,9,98,10.40332976190476
2024-04-24,10,304,8.986915350877194
2024-04-24,11,648,10.613330092592593
2024-04-24,12,826,9.766923305084745
2024-04-24,13,367,8.522870072661217
2024-04-24,14,295,8.884088983050848
2024-04-24,15,403,8.16634106699752
2024-04-24,16,622,9.564052947481242
2024-04-24,17,717,9.909690260344027
2024-04-24,18,951,10.910393778478793
2024-04-24,19,1509,11.801034658714382
2024-04-24,20,2504,12.23048916400426
2024-04-24,21,3324,12.397491456077015
2024-04-24,22,2804,11.559562173086068
2024-04-24,23,1952,11.262871482240438
2024-04-25,0,1303,10.785637119467895
2024-04-25,1,1121,10.53145471305382
2024-04-25,2,834,10.286730075939248
2024-04-25,3,530,10.690314842767295
2024-04-25,4,275,10.433261575757575
2024-04-25,5,156,10.812584294871796
2024-04-25,6,78,10.786895512820513
2024-04-25,7,61,12.808671311475411
2024-04-25,8,56,11.15320744047619
2024-04-25,9,122,10.159372404371585
2024-04-25,10,469,10.647014250177683
2024-04-25,11,1462,12.381753761969904
2024-04-25,12,2677,12.232954563566182
2024-04-25,13,1513,10.850084093412645
2024-04-25,14,1077,11.26306979263386
2024-04-25,15,1392,11.70377480842912
2024-04-25,16,1768,12.080363998868778
2024-04-25,17,1637,12.122838678476889
2024-04-25,18,1649,12.827597331716193
2024-04-25,19,2217,13.692031281010374
2024-04-25,20,3156,13.869173679763414
2024-04-25,21,4330,13.676621916859121
2024-04-25,22,3352,13.23668294550517
2024-04-25,23,2582,12.476193493415956
2024-04-26,0,1798,12.402586920652578
2024-04-26,1,1460,12.828339999999999
2024-04-26,2,1158,11.615350662061024
2024-04-26,3,798,11.117315371762741
2024-04-26,4,549,11.566614571948998
2024-04-26,5,331,11.690061983887212
2024-04-26,6,171,12.337919883040934
2024-04-26,7,131,11.350544910941476
2024-04-26,8,84,10.259704563492065
2024-04-26,9,138,9.477840338164253
2024-04-26,10,439,10.104495292331055
2024-04-26,11,1263,12.583307178675112
2024-04-26,12,2174,11.709735870898497
2024-04-26,13,1498,11.323212505562973
2024-04-26,14,1300,12.462968423076923
2024-04-26,15,1744,12.701545642201834
2024-04-26,16,2320,13.252578125
2024-04-26,17,2654,14.608445535041445
2024-04-26,18,2784,15.800083554837164
2024-04-26,19,3043,15.654692841494139
2024-04-26,20,3759,15.04814100381307
2024-04-26,21,4352,15.12224909620098
2024-04-26,22,4015,15.261853785803238
2024-04-26,23,3174,14.478541797941608
2024-04-27,0,2337,13.460836628155755
2024-04-27,1,1847,13.309111369788846
2024-04-27,2,1529,12.987437856987139
2024-04-27,3,1402,12.757600273418925
2024-04-27,4,1281,13.122263322924798
2024-04-27,5,971,12.833451922416751
2024-04-27,6,694,13.82606299231508
2024-04-27,7,484,13.981056508264462
2024-04-27,8,199,11.77043132328308
2024-04-27,9,150,11.315102555555557
2024-04-27,10,165,12.436917171717175
2024-04-27,11,452,11.933154682890855
2024-04-27,12,896,12.581972042410714
2024-04-27,13,1470,13.670564160997731
2024-04-27,14,2099,14.594733905034143
2024-04-27,15,2504,16.007908453141642
2024-04-27,16,2960,16.115904752252252
2024-04-27,17,3234,16.435308833230263
2024-04-27,18,3579,17.153220038185715
2024-04-27,19,3767,16.96717186532165
2024-04-27,20,3860,16.9115629447323
2024-04-27,21,3658,16.161358037178786
2024-04-27,22,3042,14.49735167104975
2024-04-27,23,1936,12.739590788567494
2024-04-28,0,1230,12.952717127371272
2024-04-28,1,1128,13.104239376477542
2024-04-28,2,1171,13.05834245658981
2024-04-28,3,1162,13.164022733792311
2024-04-28,4,1110,12.986308693693694
2024-04-28,5,818,14.497860717196414
2024-04-28,6,639,14.202956520605113
2024-04-28,7,555,13.832743633633633
2024-04-28,8,146,12.134318721461186
2024-04-28,9,42,8.296296825396826
2024-04-28,10,103,8.603331229773463
2024-04-28,11,241,9.87693644536653
2024-04-28,12,507,10.697127580539119
2024-04-28,13,864,11.10090731095679
2024-04-28,14,1407,11.929871937929398
2024-04-28,15,1774,12.939075516723037
2024-04-28,16,2035,13.920491179361179
2024-04-28,17,2258,14.130935754354885
2024-04-28,18,2783,15.008864396933765
2024-04-28,19,2613,14.60896692180125
2024-04-28,20,2266,14.149397661076788
2024-04-28,21,2340,15.364850413105412
2024-04-28,22,2280,15.155132134502926
2024-04-28,23,1935,14.865239422911284
2024-04-29,0,1635,14.531689367991845
2024-04-29,1,1215,14.52804122085048
2024-04-29,2,897,13.305189966555185
2024-04-29,3,578,12.049847289504036
2024-04-29,4,338,12.467532495069033
2024-04-29,5,210,13.045425
2024-04-29,6,96,11.271931423611113
2024-04-29,7,75,11.98092688888889
2024-04-29,8,74,10.829181981981982
2024-04-29,9,149,12.311318232662193
2024-04-29,10,556,10.852413788968825
2024-04-29,11,1612,13.032774172870141
2024-04-29,12,2699,12.232135259972829
2024-04-29,13,1469,12.003447991831177
2024-04-29,14,1185,12.117433994374121
2024-04-29,15,1520,12.249010877192982
2024-04-29,16,1895,12.317322233948989
2024-04-29,17,1829,12.793108228540186
2024-04-29,18,1880,13.09350949468085
2024-04-29,19,2400,13.936555791666667
2024-04-29,20,3482,13.728641537430596
2024-04-29,21,4922,15.050621271840713
2024-04-29,22,3762,13.695538060428849
2024-04-29,23,2824,13.23387709513692
2024-04-30,0,2029,12.837389132577623
2024-04-30,1,1509,11.875158438259334
2024-04-30,2,1069,12.734583302151544
2024-04-30,3,627,10.746312519936206
2024-04-30,4,301,9.58942984496124
2024-04-30,5,183,10.754619489981785
2024-04-30,6,77,10.300010389610389
2024-04-30,7,25,10.084718666666667
2024-04-30,8,40,9.051291666666668
2024-04-30,9,88,10.610748484848484
2024-04-30,10,172,8.63144980620155
2024-04-30,11,770,11.14879067099567
2024-04-30,12,2234,11.08539744106237
2024-04-30,13,1419,11.026798249941274
2024-04-30,14,971,10.821971472708547
2024-04-30,15,1099,10.487899090081893
2024-04-30,16,1164,10.560200887743415
2024-04-30,17,1009,9.497252312520647
2024-04-30,18,425,9.85204431372549
2024-04-30,19,522,10.377582343550447
2024-04-30,20,890,10.090443558052435
2024-04-30,21,1323,10.536485185185185
2024-04-30,22,1651,10.990498546335553
2024-04-30,23,1455,11.625817056128295
2024-05-01,0,1176,10.630914781746032
2024-05-01,1,1083,11.066727516158819
2024-05-01,2,916,10.818541430131006
2024-05-01,3,610,10.58258543715847
2024-05-01,4,372,11.111945340501793
2024-05-01,5,239,13.22639951185495
2024-05-01,6,158,15.777983755274262
2024-05-01,7,97,13.558831958762886
2024-05-01,8,76,12.757758991228071
2024-05-01,9,165,12.322928282828283
2024-05-01,10,588,11.58977426303855
2024-05-01,11,1846,13.310350325027086
2024-05-01,12,3366,12.730155020796198
2024-05-01,13,1754,11.784977974154314
2024-05-01,14,1384,12.86483689788054
2024-05-01,15,1656,12.389707175925926
2024-05-01,16,1991,12.44731796417211
2024-05-01,17,1896,12.46419663326301
2024-05-01,18,2124,13.802126836158193
2024-05-01,19,2688,14.976071868799604
2024-05-01,20,4165,15.21924862344938
2024-05-01,21,5626,14.865149111269107
2024-05-01,22,4565,14.013794622124863
2024-05-01,23,2964,12.96054358974359
2024-05-02,0,1834,13.305676862958924
2024-05-02,1,1690,13.429473076923076
2024-05-02,2,1319,13.207546487237806
2024-05-02,3,875,12.731274285714285
2024-05-02,4,560,12.571472767857141
2024-05-02,5,331,12.736952416918427
2024-05-02,6,187,14.092626292335117
2024-05-02,7,104,11.750416987179488
2024-05-02,8,45,13.816444444444445
2024-05-02,9,99,10.140929797979798
2024-05-02,10,494,12.124929892037786
2024-05-02,11,1682,13.475516854934602
2024-05-02,12,3107,12.346194303186353
2024-05-02,13,1728,11.415761689814815
2024-05-02,14,1252,11.857437832800853
2024-05-02,15,1611,11.989163656114215
2024-05-02,16,1898,11.996165665612926
2024-05-02,17,1760,12.357605388257575
2024-05-02,18,1832,12.839627492721979
2024-05-02,19,2540,14.038925839895015
2024-05-02,20,3749,13.982599453187516
2024-05-02,21,5013,14.04615916949265
2024-05-02,22,3873,13.434984138049746
2024-05-02,23,3089,13.443481034854862
2024-05-03,0,2336,13.23380550799087
2024-05-03,1,1895,12.521552374670184
2024-05-03,2,1494,12.481573929049532
2024-05-03,3,1131,13.075324064249926
2024-05-03,4,715,13.409006946386947
2024-05-03,5,436,15.118499235474006
2024-05-03,6,231,15.23079595959596
2024-05-03,7,193,14.315824870466322
2024-05-03,8,113,13.27732831858407
2024-05-03,9,168,10.107955257936508
2024-05-03,10,566,11.6266281213192
2024-05-03,11,1488,13.126359912634408
2024-05-03,12,2411,11.894098831743399
2024-05-03,13,1770,11.725713851224105
2024-05-03,14,1815,13.304035592286501
2024-05-03,15,1874,12.781084489505515
2024-05-03,16,2346,12.591235201761863
2024-05-03,17,2531,13.838518029764256
2024-05-03,18,2708,15.267359699655342
2024-05-03,19,3393,15.062089630612045
2024-05-03,20,4459,15.438148624504748
2024-05-03,21,5398,15.67514375694702
2024-05-03,22,4716,15.336657283715011
2024-05-03,23,3866,14.728809221417485
2024-05-04,0,3022,14.689080355173175
2024-05-04,1,2519,14.486359970887918
2024-05-04,2,2172,14.514364003990178
2024-05-04,3,1932,14.717455495169082
2024-05-04,4,1621,13.237339368702449
2024-05-04,5,1097,15.173330158006685
2024-05-04,6,625,13.5438236
2024-05-04,7,319,12.853447701149424
2024-05-04,8,148,11.644087612612612
2024-05-04,9,142,10.699140258215962
2024-05-04,10,181,11.703516390423573
2024-05-04,11,382,12.265158464223385
2024-05-04,12,807,11.633724514663362
2024-05-04,13,1295,12.414978970398971
2024-05-04,14,1722,13.672931233062329
2024-05-04,15,2251,14.18936902857989
2024-05-04,16,2771,14.713064447251293
2024-05-04,17,3252,15.910411362238621
2024-05-04,18,3498,16.22030406422718
2024-05-04,19,3959,17.900624021217478
2024-05-04,20,3982,16.359979930520677
2024-05-04,21,3825,16.800738697167755
2024-05-04,22,3465,15.795325079365078
2024-05-04,23,2894,15.519680396222068
2024-05-05,0,2254,14.844908067139901
2024-05-05,1,1917,14.878562806468441
2024-05-05,2,1684,15.168861955661125
2024-05-05,3,1678,14.750731972586413
2024-05-05,4,1487,14.8478161510872
2024-05-05,5,1124,13.710117200474496
2024-05-05,6,860,15.118120329457366
2024-05-05,7,709,14.402015632346027
2024-05-05,8,259,13.716126254826253
2024-05-05,9,181,13.804442725598527
2024-05-05,10,206,12.452409627831715
2024-05-05,11,335,11.349650398009949
2024-05-05,12,516,10.477440633074934
2024-05-05,13,566,10.093156272084807
2024-05-05,14,551,9.633990895341803
2024-05-05,15,538,9.69786130731103
2024-05-05,16,623,9.81297407704655
2024-05-05,17,616,10.5078253517316
2024-05-05,18,552,10.467032427536232
2024-05-05,19,602,9.595450913621262
2024-05-05,20,978,10.75913260054533
2024-05-05,21,998,11.632007231128924
2024-05-05,22,1003,11.826053672316386
2024-05-05,23,918,11.692373384168482
2024-05-06,0,788,11.753178510998307
2024-05-06,1,846,12.530107702915682
2024-05-06,2,561,11.53798229352347
2024-05-06,3,394,12.290166666666666
2024-05-06,4,264,11.622978345959595
2024-05-06,5,136,13.938251593137254
2024-05-06,6,75,12.846645333333335
2024-05-06,7,82,12.638394105691058
2024-05-06,8,55,12.159280606060607
2024-05-06,9,163,11.951488139059306
2024-05-06,10,534,11.655058395755304
2024-05-06,11,1737,13.86327619458837
2024-05-06,12,2984,12.788517850759607
2024-05-06,13,1731,12.316165559406894
2024-05-06,14,1280,13.211007434895834
2024-05-06,15,1642,13.409234713763704
2024-05-06,16,2264,14.002653599823322
2024-05-06,17,2389,14.163442298032649
2024-05-06,18,2502,16.549894104716227
2024-05-06,19,3260,15.726371467280163
2024-05-06,20,4807,15.975089168573609
2024-05-06,21,6611,16.02761997176423
2024-05-06,22,5463,15.73248071572396
2024-05-06,23,4109,15.551257978421352
2024-05-07,0,3121,14.673187722952047
2024-05-07,1,2229,14.198173470913714
2024-05-07,2,1595,14.250716656217346
2024-05-07,3,987,14.037715197568389
2024-05-07,4,503,13.647929787939033
2024-05-07,5,338,14.130080226824457
2024-05-07,6,166,14.645669277108432
2024-05-07,7,100,16.270259
2024-05-07,8,77,13.969846536796538
2024-05-07,9,244,13.313468920765027
2024-05-07,10,861,12.91671610530391
2024-05-07,11,2664,14.71102149024024
2024-05-07,12,4530,14.177206387049301
2024-05-07,13,2391,13.92165743761327
2024-05-07,14,1830,15.151003469945357
2024-05-07,15,2194,14.929432512914007
2024-05-07,16,2820,14.871781211583924
2024-05-07,17,2788,15.025319733381158
2024-05-07,18,2964,15.825560205802969
2024-05-07,19,3558,16.452853400786957
2024-05-07,20,5469,16.29830881331139
2024-05-07,21,7333,16.24197042365562
2024-05-07,22,5966,16.252989222259473
2024-05-07,23,4427,15.564497368421055
2024-05-08,0,3383,14.962530510395114
2024-05-08,1,2667,14.44636220472441
2024-05-08,2,1865,15.116223243967829
2024-05-08,3,1202,15.031711106489185
2024-05-08,4,661,13.895426777609682
2024-05-08,5,303,14.507361551155116
2024-05-08,6,141,13.056608274231678
2024-05-08,7,94,15.135062588652483
2024-05-08,8,76,13.044895394736843
2024-05-08,9,200,11.802032416666666
2024-05-08,10,721,11.861069533055941
2024-05-08,11,2284,13.823708895213075
2024-05-08,12,3855,12.386991028966708
2024-05-08,13,1958,11.707459354783794
2024-05-08,14,1342,11.820474565325386
2024-05-08,15,798,9.726069277360066
2024-05-08,16,730,10.747260753424658
2024-05-08,17,1181,10.789630101608806
2024-05-08,18,1095,11.501782876712328
2024-05-08,19,1657,12.218615127740897
2024-05-08,20,2143,12.040387408617203
2024-05-08,21,1822,10.753994191364802
2024-05-08,22,2110,10.9149024328594
2024-05-08,23,1874,10.87455090715048
2024-05-09,0,1323,11.022655605946081
2024-05-09,1,1246,10.940525909577314
2024-05-09,2,1140,11.513794269005848
2024-05-09,3,727,11.778132851902797
2024-05-09,4,472,11.723453495762712
2024-05-09,5,230,13.705966594202899
2024-05-09,6,133,14.566659649122808
2024-05-09,7,91,12.415264652014653
2024-05-09,8,73,15.368912557077627
2024-05-09,9,196,12.490583163265306
2024-05-09,10,731,12.401115823073416
2024-05-09,11,2348,13.934527583759227
2024-05-09,12,4252,13.103378766854814
2024-05-09,13,2314,12.819616501008355
2024-05-09,14,1741,13.286006260769673
2024-05-09,15,2089,13.413166028402745
2024-05-09,16,2533,13.088825937623373
2024-05-09,17,2567,13.524484229320867
2024-05-09,18,2427,14.274161756626837
2024-05-09,19,2950,13.0539404519774
2024-05-09,20,3529,13.189032662699537
2024-05-09,21,5273,13.582073462292179
2024-05-09,22,4323,13.699384424396637
2024-05-09,23,3381,13.732297096519767
2024-05-10,0,2739,13.029382761348423
2024-05-10,1,2111,12.91956910626875
2024-05-10,2,1751,12.997502217780315
2024-05-10,3,1289,12.654182971295578
2024-05-10,4,807,12.025731164807931
2024-05-10,5,494,13.740879790823213
2024-05-10,6,321,13.689593613707165
2024-05-10,7,214,13.848123598130842
2024-05-10,8,142,12.71339659624413
2024-05-10,9,227,11.700618869309839
2024-05-10,10,643,11.587447744945568
2024-05-10,11,1828,13.480717377826405
2024-05-10,12,3070,12.260458072747014
2024-05-10,13,2100,12.35338111111111
2024-05-10,14,1746,13.19293018327606
2024-05-10,15,2218,14.533215607153592
2024-05-10,16,2876,13.491958727399165
2024-05-10,17,2879,14.209383524371889
2024-05-10,18,3056,15.452764114310645
2024-05-10,19,3844,15.966156824488383
2024-05-10,20,5082,15.515222054965236
2024-05-10,21,5973,15.086067768848707
2024-05-10,22,5222,15.416847603089492
2024-05-10,23,4396,15.895571148013346
2024-05-11,0,3396,15.018613530624263
2024-05-11,1,2770,14.312998489771358
2024-05-11,2,2554,15.330903367267034
2024-05-11,3,2364,15.291593880428652
2024-05-11,4,1844,14.59493680404917
2024-05-11,5,1458,15.498612700045726
2024-05-11,6,974,15.491468908281998
2024-05-11,7,753,15.75766584772023
2024-05-11,8,305,12.72802781420765
2024-05-11,9,203,12.672709113300494
2024-05-11,10,284,12.583532746478873
2024-05-11,11,532,11.671322211779449
2024-05-11,12,1113,13.01989739442947
2024-05-11,13,1925,13.913822467532468
2024-05-11,14,2632,15.071568021783182
2024-05-11,15,3316,16.305355297547248
2024-05-11,16,4015,17.910191768368616
2024-05-11,17,4417,18.401627092294923
2024-05-11,18,4980,18.749833008701472
2024-05-11,19,4976,18.678443830385856
2024-05-11,20,4912,18.015909727877307
2024-05-11,21,4700,17.23960414539007
2024-05-11,22,4146,16.385634338318056
2024-05-11,23,3330,15.660566496496497
2024-05-12,0,2528,14.541566871044305
2024-05-12,1,2150,15.252360085271317
2024-05-12,2,1961,15.26224335373109
2024-05-12,3,1767,14.902209205810225
2024-05-12,4,1299,12.49293397485245
2024-05-12,5,866,13.806612971516552
2024-05-12,6,712,14.592599672284644
2024-05-12,7,690,15.943536666666667
2024-05-12,8,362,14.300985865561694
2024-05-12,9,177,13.523512806026366
2024-05-12,10,230,10.974221014492754
2024-05-12,11,399,11.186471094402673
2024-05-12,12,850,13.918430098039217
2024-05-12,13,1344,13.096419580853174
2024-05-12,14,1903,13.044510938868454
2024-05-12,15,2282,13.92511782792872
2024-05-12,16,2385,14.147587058001397
2024-05-12,17,2761,14.631541657611978
2024-05-12,18,3198,15.496759307900772
2024-05-12,19,3687,16.91734909592261
2024-05-12,20,3646,15.926035838361676
2024-05-12,21,3457,16.17343388294282
2024-05-12,22,3156,16.126753358681878
2024-05-12,23,2633,15.776452595265223
2024-05-13,0,2036,14.639556647020303
2024-05-13,1,1623,14.159614571780653
2024-05-13,2,1216,14.342575178179823
2024-05-13,3,822,13.538432400648823
2024-05-13,4,452,12.890257890855459
2024-05-13,5,219,16.8834200152207
2024-05-13,6,161,13.286953209109729
2024-05-13,7,92,16.38186793478261
2024-05-13,8,91,13.271907875457876
2024-05-13,9,202,13.172547359735974
2024-05-13,10,700,11.80725619047619
2024-05-13,11,2194,13.248444165907019
2024-05-13,12,3851,12.960592175192591
2024-05-13,13,1968,11.990887432249323
2024-05-13,14,1471,12.716091649671425
2024-05-13,15,1751,13.545025214163335
2024-05-13,16,2426,13.062783120362738
2024-05-13,17,2357,12.970068823363032
2024-05-13,18,2182,12.681638970363581
2024-05-13,19,2855,13.555494851138354
2024-05-13,20,4280,13.719923734423675
2024-05-13,21,5490,13.726897650273223
2024-05-13,22,4272,13.36528246332709
2024-05-13,23,3529,13.664805974308115
2024-05-14,0,2327,12.912439328176479
2024-05-14,1,1872,13.123179896723645
2024-05-14,2,1373,13.351375625151737
2024-05-14,3,862,13.052113012374322
2024-05-14,4,442,12.293703996983409
2024-05-14,5,251,12.58442390438247
2024-05-14,6,115,14.37550768115942
2024-05-14,7,96,13.067426041666666
2024-05-14,8,72,12.031037268518519
2024-05-14,9,131,10.100171501272264
2024-05-14,10,486,11.224550925925925
2024-05-14,11,1963,12.620213771438275
2024-05-14,12,3666,12.277907019458084
2024-05-14,13,1665,11.705848498498499
2024-05-14,14,1098,11.539417167577414
2024-05-14,15,1393,11.690711988513998
2024-05-14,16,1707,11.408170083967974
2024-05-14,17,1829,12.007444906141789
2024-05-14,18,2106,13.04484841722064
2024-05-14,19,3208,14.293318349958437
2024-05-14,20,4821,14.719074365622621
2024-05-14,21,6464,14.41817988603548
2024-05-14,22,5241,14.201013308528907
2024-05-14,23,3882,14.607829602438605
2024-05-15,0,3095,14.191380813139473
2024-05-15,1,2454,13.850036498234177
2024-05-15,2,1740,14.243572749042146
2024-05-15,3,1279,15.100032720875683
2024-05-15,4,724,14.102291321362799
2024-05-15,5,357,13.33729537815126
2024-05-15,6,118,14.663777966101696
2024-05-15,7,86,13.197537403100775
2024-05-15,8,76,15.034453728070176
2024-05-15,9,230,12.140818695652174
2024-05-15,10,796,12.905107998324958
2024-05-15,11,2559,14.031890777647519
2024-05-15,12,4355,13.042162992728665
2024-05-15,13,2328,12.134559693585338
2024-05-15,14,1768,13.281311990950226
2024-05-15,15,2137,13.215672827951959
2024-05-15,16,2647,12.852127225790202
2024-05-15,17,2745,13.175168609593198
2024-05-15,18,2521,13.968977251090836
2024-05-15,19,3249,13.80701028008618
2024-05-15,20,5032,14.868759774112348
2024-05-15,21,6779,14.368859168018881
2024-05-15,22,5666,14.526305256500766
2024-05-15,23,4098,14.83227406458435
2024-05-16,0,3508,14.749204380463702
2024-05-16,1,2903,14.628686238374096
2024-05-16,2,2163,13.821967722299277
2024-05-16,3,1364,14.570155376344085
2024-05-16,4,862,14.432424149265273
2024-05-16,5,441,15.52566738473167
2024-05-16,6,199,17.27205485762144
2024-05-16,7,156,13.932230448717947
2024-05-16,8,115,15.638935217391305
2024-05-16,9,239,13.288123500697349
2024-05-16,10,792,12.00145202020202
2024-05-16,11,2550,13.628987862745097
2024-05-16,12,4407,12.729057072082293
2024-05-16,13,2469,12.591226117186446
2024-05-16,14,1819,13.50274277075316
2024-05-16,15,2093,13.06917591176939
2024-05-16,16,2802,13.017372781346657
2024-05-16,17,2756,13.479253586115144
2024-05-16,18,2821,14.76438690771594
2024-05-16,19,3658,15.185377141425189
2024-05-16,20,5546,15.537439755379252
2024-05-16,21,7378,15.802668898527154
2024-05-16,22,6120,15.568288886165577
2024-05-16,23,4912,15.115220337947882
2024-05-17,0,3940,15.035731019458545
2024-05-17,1,3396,15.271140449548488
2024-05-17,2,2744,14.910359426627794
2024-05-17,3,1949,14.514000820933813
2024-05-17,4,1186,13.973869786396852
2024-05-17,5,779,15.003669533590072
2024-05-17,6,426,16.091802190923318
2024-05-17,7,309,15.064717745415319
2024-05-17,8,186,13.732638620071684
2024-05-17,9,239,11.648254881450487
2024-05-17,10,711,12.647757196436944
2024-05-17,11,1858,13.052253202368137
2024-05-17,12,3213,12.646100280112044
2024-05-17,13,2332,12.135512592910235
2024-05-17,14,2213,13.903403856002411
2024-05-17,15,2615,14.0727295347355
2024-05-17,16,3662,14.230629819770618
2024-05-17,17,3755,14.406649613848202
2024-05-17,18,3709,14.90937157364968
2024-05-17,19,4557,15.978463181186456
2024-05-17,20,5596,15.495027412437455
2024-05-17,21,6600,15.257256969696968
2024-05-17,22,5803,16.27929713653857
2024-05-17,23,5134,15.757701269315675
2024-05-18,0,4309,15.587963862458421
2024-05-18,1,3602,15.461880908754397
2024-05-18,2,3269,16.046321117569086
2024-05-18,3,2732,15.875877592728159
2024-05-18,4,2158,15.502353498609823
2024-05-18,5,1540,15.440853647186145
2024-05-18,6,1119,16.122299195710458
2024-05-18,7,775,15.63648376344086
2024-05-18,8,309,14.066578101402373
2024-05-18,9,218,11.798248318042814
2024-05-18,10,350,12.54143038095238
2024-05-18,11,715,12.73378655011655
2024-05-18,12,1286,13.602114424572317
2024-05-18,13,2075,14.429960393574296
2024-05-18,14,2810,15.581710320284698
2024-05-18,15,3288,16.702656858272505
2024-05-18,16,4023,18.184822711077967
2024-05-18,17,4506,18.26540872540317
2024-05-18,18,4835,18.78132228886591
2024-05-18,19,5281,18.78181982579057
2024-05-18,20,5351,18.154080224880087
2024-05-18,21,5223,17.88511604760993
2024-05-18,22,4784,18.02493512750836
2024-05-18,23,4371,17.97444295355754
2024-05-19,0,3499,16.499605368200438
2024-05-19,1,3041,16.193950361723118
2024-05-19,2,2574,15.713080413105413
2024-05-19,3,2427,15.5992227166598
2024-05-19,4,1845,14.286842592592592
2024-05-19,5,1356,14.61702545476893
2024-05-19,6,1032,16.07647982881137
2024-05-19,7,771,15.336926848249027
2024-05-19,8,348,14.781069061302682
2024-05-19,9,220,13.788217196969695
2024-05-19,10,318,12.811250209643605
2024-05-19,11,593,12.822298819561551
2024-05-19,12,1146,15.524317321116929
2024-05-19,13,1907,15.87745258696032
2024-05-19,14,2758,16.029150078559343
2024-05-19,15,3470,18.456273323727185
2024-05-19,16,3765,18.312955453740592
2024-05-19,17,4490,18.971778084632515
2024-05-19,18,4927,19.643776743792706
2024-05-19,19,5008,18.577978021831736
2024-05-19,20,4878,18.397452367773678
2024-05-19,21,4629,18.284749474328507
2024-05-19,22,4449,18.257179714542595
2024-05-19,23,3863,18.328725455173007
2024-05-20,0,3358,17.911816974389517
2024-05-20,1,2983,17.550164929042353
2024-05-20,2,2551,16.7927770874167
2024-05-20,3,2065,15.655174172719937
2024-05-20,4,1533,15.359787225483801
2024-05-20,5,946,15.27974818534179
2024-05-20,6,569,14.542654774458112
2024-05-20,7,441,15.571694671201813
2024-05-20,8,211,14.719095734597158
2024-05-20,9,181,11.736465745856353
2024-05-20,10,380,12.95426245614035
2024-05-20,11,623,12.934875548421616
2024-05-20,12,1105,13.638291749622926
2024-05-20,13,1760,15.194882613636363
2024-05-20,14,2435,17.01547196440794
2024-05-20,15,2954,17.537141486120515
2024-05-20,16,3459,17.500063592560473
2024-05-20,17,4064,17.962234563648295
2024-05-20,18,4304,18.628036225991327
2024-05-20,19,4416,18.262551234148553
2024-05-20,20,4701,17.730215113805574
2024-05-20,21,4684,17.224263684884715
2024-05-20,22,4385,16.68824704294945
2024-05-20,23,3925,17.190763278131634
2024-05-21,0,3295,16.558547658067777
2024-05-21,1,2787,16.36038729218993
2024-05-21,2,1894,15.095570001759944
2024-05-21,3,1257,14.359484765314239
2024-05-21,4,686,13.984571088435375
2024-05-21,5,372,14.056501164874552
2024-05-21,6,199,19.58975619765494
2024-05-21,7,141,13.026410520094563
2024-05-21,8,98,15.34139387755102
2024-05-21,9,301,13.675533887043189
2024-05-21,10,923,12.229457367280606
2024-05-21,11,2900,14.60725453448276
2024-05-21,12,4567,14.02741388219838
2024-05-21,13,2352,13.898958127834469
2024-05-21,14,1870,13.366653146167558
2024-05-21,15,2119,13.395898537045776
2024-05-21,16,2521,12.32012219357398
2024-05-21,17,2146,12.717305459770115
2024-05-21,18,2276,14.123330741066198
2024-05-21,19,3140,14.078546502123144
2024-05-21,20,5161,14.682220822837952
2024-05-21,21,6750,14.694066911111111
2024-05-21,22,5225,13.943722185007974
2024-05-21,23,3885,13.634223187473186
2024-05-22,0,1985,11.191013408900085
2024-05-22,1,1844,13.38061359363702
2024-05-22,2,1466,13.566449749886313
2024-05-22,3,989,13.230700168520391
2024-05-22,4,397,10.837896137699412
2024-05-22,5,235,12.158535248226949
2024-05-22,6,139,14.911586570743406
2024-05-22,7,80,14.164211041666666
2024-05-22,8,97,14.356644158075602
2024-05-22,9,282,13.495725118203309
2024-05-22,10,1034,13.934901370083818
2024-05-22,11,2969,14.843431929942742
2024-05-22,12,4838,13.701198997519636
2024-05-22,13,2529,13.296748649004877
2024-05-22,14,2011,13.738195027349578
2024-05-22,15,2381,13.516236035279293
2024-05-22,16,3099,13.329849220178552
2024-05-22,17,2848,13.738184205290263
2024-05-22,18,2820,14.2691293321513
2024-05-22,19,3652,14.565697868747717
2024-05-22,20,5366,14.766786507640703
2024-05-22,21,6550,14.348510005089057
2024-05-22,22,5776,14.69752541839797
2024-05-22,23,4675,14.831558442067736
2024-05-23,0,3622,13.08549387539113
2024-05-23,1,1575,13.024327407407407
2024-05-23,2,1691,14.269458564951705
2024-05-23,3,1315,13.722312648922685
2024-05-23,4,775,13.513565741935484
2024-05-23,5,373,13.392952457551386
2024-05-23,6,247,13.389461943319837
2024-05-23,7,145,14.522775632183906
2024-05-23,8,108,13.27616574074074
2024-05-23,9,298,13.347672203579418
2024-05-23,10,938,12.28681234896944
2024-05-23,11,2749,14.325264320358919
2024-05-23,12,4644,13.20902479902383
2024-05-23,13,2495,12.68277126252505
2024-05-23,14,1938,13.260243859649123
2024-05-23,15,2252,13.689273949082297
2024-05-23,16,2892,13.183074141309358
2024-05-23,17,2918,13.185905403244233
2024-05-23,18,2773,13.937822250270466
2024-05-23,19,3717,14.60874522464353
2024-05-23,20,5541,15.38179306984299
2024-05-23,21,7621,15.349614121068976
2024-05-23,22,6217,15.291587046270976
2024-05-23,23,5076,15.99293040780142
2024-05-24,0,4093,15.547409675054972
2024-05-24,1,3316,15.190250673502211
2024-05-24,2,2578,14.346960693043703
2024-05-24,3,1874,14.938782879758094
2024-05-24,4,1128,13.466626004728132
2024-05-24,5,637,15.483155494505493
2024-05-24,6,416,16.161199479166665
2024-05-24,7,290,14.197190459770116
2024-05-24,8,172,14.035466666666668
2024-05-24,9,273,13.750722527472528
2024-05-24,10,830,12.479865381526103
2024-05-24,11,2072,12.62796114060489
2024-05-24,12,3177,11.910286318329662
2024-05-24,13,2192,12.070696996654501
2024-05-24,14,1967,13.143027012370785
2024-05-24,15,2444,13.763949624931804
2024-05-24,16,3158,13.518955362043489
2024-05-24,17,3217,13.923883058750388
2024-05-24,18,3350,14.73315404477612
2024-05-24,19,4173,14.860158666826424
2024-05-24,20,5373,14.622313167690303
2024-05-24,21,6208,14.710547280390895
2024-05-24,22,5770,14.825720722125938
2024-05-24,23,4335,14.535220349865437
2024-05-25,0,3541,14.163030970535631
2024-05-25,1,2993,14.629751124846864
2024-05-25,2,2916,14.782911962734339
2024-05-25,3,2378,14.246512237174096
2024-05-25,4,1858,14.052496806602083
2024-05-25,5,1396,15.38351076886342
2024-05-25,6,1009,14.886962206805418
2024-05-25,7,747,16.000157630522086
2024-05-25,8,311,13.22791162915327
2024-05-25,9,212,12.347816666666668
2024-05-25,10,318,11.920831551362683
2024-05-25,11,671,12.681905613512173
2024-05-25,12,1411,13.38337035199622
2024-05-25,13,2305,14.665669313087493
2024-05-25,14,3206,15.445248565190267
2024-05-25,15,3640,16.354349024725273
2024-05-25,16,4251,16.92593894769858
2024-05-25,17,4660,17.26867398783977
2024-05-25,18,5246,17.85500029228619
2024-05-25,19,5439,18.099004605626035
2024-05-25,20,5425,17.24188059293395
2024-05-25,21,5276,16.89958177596664
2024-05-25,22,4794,16.260906546377417
2024-05-25,23,3786,15.90636211921113
2024-05-26,0,3046,15.149086692930618
2024-05-26,1,2689,14.409131486302218
2024-05-26,2,2483,15.225695697409048
2024-05-26,3,2356,14.97609886106395
2024-05-26,4,1682,13.478264021006739
2024-05-26,5,1113,13.004802096436059
2024-05-26,6,957,15.3920337687217
2024-05-26,7,828,14.943170672302736
2024-05-26,8,373,13.277046157283289
2024-05-26,9,229,13.59872634643377
2024-05-26,10,304,12.479698903508773
2024-05-26,11,580,13.630948821839082
2024-05-26,12,1087,14.603513094142901
2024-05-26,13,1862,14.890103159684926
2024-05-26,14,2694,16.096891666666664
2024-05-26,15,3405,16.845540288790993
2024-05-26,16,4036,17.745578237528907
2024-05-26,17,4762,18.10504281114378
2024-05-26,18,5102,18.299900016333464
2024-05-26,19,5293,17.950265133194787
2024-05-26,20,5333,17.05028036127258
2024-05-26,21,4982,17.29928800347919
2024-05-26,22,4517,17.40844943915578
2024-05-26,23,3763,17.787285135973068
2024-05-27,0,3137,16.542887078950166
2024-05-27,1,2654,16.099356694297917
2024-05-27,2,1970,15.341635423011844
2024-05-27,3,1427,14.866272167717824
2024-05-27,4,841,13.7395828378914
2024-05-27,5,477,14.920161879804333
2024-05-27,6,281,18.44310978647687
2024-05-27,7,203,15.86145812807882
2024-05-27,8,115,15.732088550724638
2024-05-27,9,261,13.278108748403575
2024-05-27,10,810,12.050464115226337
2024-05-27,11,2274,13.252278730577542
2024-05-27,12,2681,11.314573144349122
2024-05-27,13,1061,10.141026625824693
2024-05-27,14,550,9.633994787878787
2024-05-27,15,1399,12.34909957112223
2024-05-27,16,2164,12.103560328096119
2024-05-27,17,2322,12.395348334768878
2024-05-27,18,2304,12.883809078414352
2024-05-27,19,2916,12.742605006858712
2024-05-27,20,3242,11.148894663787786
2024-05-27,21,2410,11.010306051175657
2024-05-27,22,897,10.191008677071721
2024-05-27,23,679,9.37434059891998
2024-05-28,0,523,9.326027756532824
2024-05-28,1,851,10.542745319232274
2024-05-28,2,776,11.691649226804122
2024-05-28,3,617,11.76172050243112
2024-05-28,4,422,11.97024541864139
2024-05-28,5,240,14.191775
2024-05-28,6,164,15.9486543699187
2024-05-28,7,129,14.133511757105943
2024-05-28,8,90,12.211174814814816
2024-05-28,9,280,12.811960000000001
2024-05-28,10,980,12.324851734693878
2024-05-28,11,2344,12.484394382821387
2024-05-28,12,4105,12.309108948436865
2024-05-28,13,2343,12.235000092474037
2024-05-28,14,1795,12.3628434726091
2024-05-28,15,2117,12.599058754526846
2024-05-28,16,2630,12.52956679340938
2024-05-28,17,2638,12.600631715946424
2024-05-28,18,2574,13.289031675731676
2024-05-28,19,3433,12.985662185649092
2024-05-28,20,4661,13.405201133519274
2024-05-28,21,6286,13.215786432813658
2024-05-28,22,5191,13.705270728183395
2024-05-28,23,3832,13.163754014439805
2024-05-29,0,2997,12.678467500834168
2024-05-29,1,2295,12.87028320261438
2024-05-29,2,1814,12.927364470782798
2024-05-29,3,1214,13.113720867655134
2024-05-29,4,690,12.47523188405797
2024-05-29,5,364,14.115181456043956
2024-05-29,6,153,14.004611328976035
2024-05-29,7,138,14.497793719806763
2024-05-29,8,92,14.731215579710147
2024-05-29,9,281,12.455094543297747
2024-05-29,10,967,12.144226456394348
2024-05-29,11,2819,13.882680897481377
2024-05-29,12,4913,13.12601778275324
2024-05-29,13,2591,12.424702199922809
2024-05-29,14,2020,13.361713325082508
2024-05-29,15,2701,14.556022732321363
2024-05-29,16,3074,13.851930730860985
2024-05-29,17,2889,13.926666533979462
2024-05-29,18,2999,14.609790519061908
2024-05-29,19,3851,14.848226391413485
2024-05-29,20,5584,15.003103298113658
2024-05-29,21,7418,15.166753397142086
2024-05-29,22,6403,14.259042742985057
2024-05-29,23,4796,14.348519193077564
2024-05-30,0,3882,13.770606989524302
2024-05-30,1,2866,13.646967062107468
2024-05-30,2,2229,12.95556163451473
2024-05-30,3,1546,13.070512785683484
2024-05-30,4,777,11.42869809094809
2024-05-30,5,429,13.036096114996115
2024-05-30,6,277,13.379249458483756
2024-05-30,7,178,13.068729307116106
2024-05-30,8,128,12.100124088541666
2024-05-30,9,277,13.050892418772564
2024-05-30,10,955,11.660802513089005
2024-05-30,11,2849,14.016123458523458
2024-05-30,12,4857,13.380393744423854
2024-05-30,13,2678,12.759734017923824
2024-05-30,14,2085,13.782767961630695
2024-05-30,15,2503,13.701230183779463
2024-05-30,16,3123,13.615264265129683
2024-05-30,17,3030,13.354036342134213
2024-05-30,18,2925,14.906526205128205
2024-05-30,19,4027,14.665301142289545
2024-05-30,20,5827,14.945392128596762
2024-05-30,21,7670,14.98243272055628
2024-05-30,22,6305,15.254578141686494
2024-05-30,23,4970,15.447160063715627
2024-05-31,0,4082,14.849900342969132
2024-05-31,1,3383,14.520176209478768
2024-05-31,2,2868,14.032722326824732
2024-05-31,3,2348,13.907952988358888
2024-05-31,4,1310,13.643195292620867
2024-05-31,5,719,14.293738317107094
2024-05-31,6,437,13.650741456903127
2024-05-31,7,302,13.228163520971302
2024-05-31,8,168,13.114528373015874
2024-05-31,9,262,12.191579389312977
2024-05-31,10,850,12.50013268627451
2024-05-31,11,2242,13.150479616413916
2024-05-31,12,3721,12.756477716563646
2024-05-31,13,2492,13.107898000267522
2024-05-31,14,2199,13.359051917538274
2024-05-31,15,2855,14.21952674255692
2024-05-31,16,3700,13.502115603603603
2024-05-31,17,3608,14.083616902254251
2024-05-31,18,3648,14.672046843019007
2024-05-31,19,4504,14.798140093990527
2024-05-31,20,5710,15.02468037069469
2024-05-31,21,6917,15.566299754228712
2024-05-31,22,6057,15.905589202575532
2024-05-31,23,5395,17.16891517145505
2024-06-01,0,4531,18.098237475171043
2024-06-01,1,3939,18.489786802911063
2024-06-01,2,3780,18.142168619929453
2024-06-01,3,3248,16.445093611453203
2024-06-01,4,2556,15.227821354981742
2024-06-01,5,1774,15.541778222472756
2024-06-01,6,1174,15.867000425894377
2024-06-01,7,770,15.537345476190476
2024-06-01,8,371,13.650109164420485
2024-06-01,9,249,13.413269009370817
2024-06-01,10,391,13.273900127877237
2024-06-01,11,802,12.65472857439734
2024-06-01,12,1547,13.945499698340877
2024-06-01,13,2526,13.928834600158353
2024-06-01,14,3373,15.67939834963929
2024-06-01,15,3976,16.307246571093227
2024-06-01,16,4645,17.18453418371008
2024-06-01,17,5080,17.206220462598424
2024-06-01,18,5698,17.817136767286765
2024-06-01,19,5205,16.79201008645533
2024-06-01,20,5204,17.082340917243148
2024-06-01,21,5606,17.04334508264954
2024-06-01,22,5145,17.361946511175898
2024-06-01,23,4693,16.949875069252077
2024-06-02,0,3915,16.74253638569604
2024-06-02,1,3407,16.773564905586536
2024-06-02,2,3121,16.234884011534767
2024-06-02,3,2670,14.966649200998752
2024-06-02,4,2055,15.77115393349554
2024-06-02,5,1939,15.605494662197009
2024-06-02,6,1220,15.747436625683061
2024-06-02,7,913,15.520611135450896
2024-06-02,8,413,16.498121953188058
2024-06-02,9,263,12.796202471482891
2024-06-02,10,336,14.235999206349206
2024-06-02,11,688,12.550026816860466
2024-06-02,12,1269,14.709035185185183
2024-06-02,13,2185,15.976410427154844
2024-06-02,14,3173,16.50162618447316
2024-06-02,15,3781,16.981912681830202
2024-06-02,16,4333,17.886960485421955
2024-06-02,17,4954,18.813155577984123
2024-06-02,18,5063,17.343777819474617
2024-06-02,19,5424,18.016126889749263
2024-06-02,20,5436,17.120932759995096
2024-06-02,21,5337,17.020318637186936
2024-06-02,22,4638,17.056531489866323
2024-06-02,23,3758,16.709917886287034
2024-06-03,0,3263,17.242930774338543
2024-06-03,1,3060,16.258301334422658
2024-06-03,2,2279,15.787780744478574
2024-06-03,3,1492,14.757164186773904
2024-06-03,4,905,14.114957808471456
2024-06-03,5,515,15.487806666666666
2024-06-03,6,278,14.06159190647482
2024-06-03,7,225,15.209695629629628
2024-06-03,8,161,15.451657246376811
2024-06-03,9,309,12.877452157497302
2024-06-03,10,943,12.586730858960763
2024-06-03,11,2671,13.791998446274803
2024-06-03,12,4539,13.482027726371447
2024-06-03,13,2439,12.832662969796365
2024-06-03,14,2009,13.778969072507051
2024-06-03,15,2454,13.965826073077968
2024-06-03,16,3224,13.399505639991729
2024-06-03,17,3007,13.58114789934597
2024-06-03,18,3083,14.075363682560278
2024-06-03,19,3714,14.531777445700952
2024-06-03,20,5670,14.92790253968254
2024-06-03,21,7538,14.743647452905279
2024-06-03,22,5968,14.517397168230563
2024-06-03,23,4886,15.19392824737345
2024-06-04,0,4047,15.604566110699285
2024-06-04,1,3147,15.68404453447728
2024-06-04,2,2412,14.568860102266445
2024-06-04,3,1567,14.854702797277175
2024-06-04,4,881,14.02895556186152
2024-06-04,5,447,16.220725876211784
2024-06-04,6,267,14.444834831460675
2024-06-04,7,165,16.245978585858587
2024-06-04,8,120,17.121953194444448
2024-06-04,9,341,13.889974193548388
2024-06-04,10,1074,12.64803639044072
2024-06-04,11,3296,14.615376709142394
2024-06-04,12,5330,13.561696722951845
2024-06-04,13,2790,12.890514856630825
2024-06-04,14,2056,14.095690329118028
2024-06-04,15,2430,14.167987935528119
2024-06-04,16,3236,13.436290039142975
2024-06-04,17,2947,13.475950723900011
2024-06-04,18,2957,14.807439009130876
2024-06-04,19,3882,14.797051537008416
2024-06-04,20,5944,15.223605117205025
2024-06-04,21,8372,15.209453856107661
2024-06-04,22,6554,15.33321201302004
2024-06-04,23,5327,15.582470242788311
2024-06-05,0,4427,15.569847880430691
2024-06-05,1,3845,15.077449722583442
2024-06-05,2,2700,15.66637147530864
2024-06-05,3,1850,14.7387159009009
2024-06-05,4,1030,14.370656035598707
2024-06-05,5,573,13.62638251890634
2024-06-05,6,339,15.1458703539823
2024-06-05,7,198,14.39851574074074
2024-06-05,8,148,12.471715315315315
2024-06-05,9,373,13.695308400357462
2024-06-05,10,1108,12.767652602286402
2024-06-05,11,3142,14.515453744960746
2024-06-05,12,5256,13.770751515728056
2024-06-05,13,2763,13.410524876342139
2024-06-05,14,2184,14.227809561965811
2024-06-05,15,2732,14.640296559297216
2024-06-05,16,3116,13.507706070817287
2024-06-05,17,3092,13.62898844868478
2024-06-05,18,3069,14.568751129575322
2024-06-05,19,3859,14.988823309147447
2024-06-05,20,5885,15.314445460209571
2024-06-05,21,7910,15.109156651917404
2024-06-05,22,6464,15.133476327867163
2024-06-05,23,5426,15.766752515665315
2024-06-06,0,4412,15.682922654125113
2024-06-06,1,3935,15.117487784836934
2024-06-06,2,3162,15.317358328062406
2024-06-06,3,2193,14.85219326645387
2024-06-06,4,1190,13.803831400560226
2024-06-06,5,736,14.663200973731882
2024-06-06,6,391,14.817332310315432
2024-06-06,7,263,14.298234283903675
2024-06-06,8,173,13.39207620423892
2024-06-06,9,358,12.636716480446927
2024-06-06,10,1047,12.021567701368992
2024-06-06,11,3087,13.92652447899795
2024-06-06,12,4897,13.155126523041318
2024-06-06,13,2664,12.506742254754757
2024-06-06,14,2051,13.008130359174386
2024-06-06,15,2046,12.317329512870643
2024-06-06,16,2810,12.796474946619218
2024-06-06,17,2792,13.438201032712513
2024-06-06,18,2904,14.256504367539026
2024-06-06,19,3675,14.113562934240363
2024-06-06,20,5225,13.61588506539075
2024-06-06,21,5816,12.609820761691884
2024-06-06,22,2613,11.680153533613982
2024-06-06,23,1336,11.273062412674651
2024-06-07,0,662,9.45609987411883
2024-06-07,1,622,10.139063317256163
2024-06-07,2,928,11.160043103448276
2024-06-07,3,964,11.833832486168742
2024-06-07,4,786,12.471698218829518
2024-06-07,5,590,13.650671638418078
2024-06-07,6,376,14.541814317375886
2024-06-07,7,303,14.119295764576458
2024-06-07,8,179,13.772216201117319
2024-06-07,9,323,12.797961764705882
2024-06-07,10,948,12.050681276371309
2024-06-07,11,2300,12.876433565217392
2024-06-07,12,3875,13.472548941935484
2024-06-07,13,2768,12.977314089595374
2024-06-07,14,2438,14.546221301613343
2024-06-07,15,3016,13.348413218390805
2024-06-07,16,1169,10.5754500285144
2024-06-07,17,2206,13.201122635237232
2024-06-07,18,3108,13.941648101673104
2024-06-07,19,4193,13.791752257731138
2024-06-07,20,4633,12.696420148931578
2024-06-07,21,3351,11.5267986223018
2024-06-07,22,2916,13.613163500228625
2024-06-07,23,3858,14.419493027475376
2024-06-08,0,3505,14.973500009510225
2024-06-08,1,3156,14.205597861216729
2024-06-08,2,2531,13.62535956802318
2024-06-08,3,2127,13.42033957060022
2024-06-08,4,1889,12.933741026998412
2024-06-08,5,1544,14.62651166882556
2024-06-08,6,1188,15.010283375420878
2024-06-08,7,927,14.422828011506653
2024-06-08,8,393,15.488120610687023
2024-06-08,9,294,13.075953117913832
2024-06-08,10,445,12.647021198501873
2024-06-08,11,826,12.33298878127522
2024-06-08,12,1516,13.120504870272647
2024-06-08,13,2486,13.795340124698312
2024-06-08,14,3215,14.392678579574909
2024-06-08,15,3898,15.778904852916025
2024-06-08,16,4198,15.412970656661903
2024-06-08,17,4544,15.586450825264082
2024-06-08,18,4712,15.516137889077532
2024-06-08,19,4915,15.335507856900644
2024-06-08,20,4713,14.711347545795318
2024-06-08,21,4463,14.92473515572485
2024-06-08,22,2014,13.7235358407812
2024-06-08,23,3041,13.797867275019184
2024-06-09,0,2174,13.418713646120823
2024-06-09,1,1950,14.848444487179487
2024-06-09,2,1965,14.698963443596266
2024-06-09,3,2291,14.43359690091663
2024-06-09,4,1900,13.465977956140351
2024-06-09,5,1572,14.455326304071248
2024-06-09,6,1255,15.32248081009296
2024-06-09,7,1089,14.753846449341903
2024-06-09,8,456,13.11562240497076
2024-06-09,9,277,12.477433634175693
2024-06-09,10,338,11.414078599605523
2024-06-09,11,576,11.963692390046297
2024-06-09,12,921,11.359797394136809
2024-06-09,13,919,11.080862005803409
2024-06-09,14,1489,12.78217708753078
2024-06-09,15,2229,12.9157008224914
2024-06-09,16,1961,11.76586477137515
2024-06-09,17,2294,12.83285238302819
2024-06-09,18,2460,13.843055399728996
2024-06-09,19,3220,14.280651392339546
2024-06-09,20,2696,13.064058104599406
2024-06-09,21,2939,14.131780775774072
2024-06-09,22,3035,14.439796534870949
2024-06-09,23,2912,14.836030792124543
2024-06-10,0,2732,14.566311170082967
2024-06-10,1,2106,14.89902295030073
2024-06-10,2,1651,14.144497456087219
2024-06-10,3,1227,12.636695449606085
2024-06-10,4,692,12.705880226396918
2024-06-10,5,360,14.656931944444445
2024-06-10,6,253,13.683653557312253
2024-06-10,7,233,12.610702432045779
2024-06-10,8,97,13.339755670103093
2024-06-10,9,234,11.388911680911681
2024-06-10,10,600,10.831034861111112
2024-06-10,11,2050,13.159982967479674
2024-06-10,12,3899,12.909305467213816
2024-06-10,13,2306,12.174264917606244
2024-06-10,14,1863,12.979149821077117
2024-06-10,15,2193,12.9398260373917
2024-06-10,16,2784,12.126823617097703
2024-06-10,17,2734,13.211692873689344
2024-06-10,18,2756,14.129147212143202
2024-06-10,19,3374,13.980278586247778
2024-06-10,20,4994,14.197191933653718
2024-06-10,21,6473,13.793750236881404
2024-06-10,22,5144,13.687866993908761
2024-06-10,23,3900,13.113860658119657
2024-06-11,0,3147,13.37193955619108
2024-06-11,1,2434,13.617285168447001
2024-06-11,2,1655,12.669387472306143
2024-06-11,3,1178,12.631784875495189
2024-06-11,4,654,12.15446623343527
2024-06-11,5,319,12.765447648902821
2024-06-11,6,177,13.55154670433145
2024-06-11,7,129,11.893708527131782
2024-06-11,8,116,15.536684913793104
2024-06-11,9,299,12.964097770345596
2024-06-11,10,997,11.935158609160817
2024-06-11,11,2839,14.18799866150053
2024-06-11,12,4879,12.762381888365102
2024-06-11,13,2620,12.75558631043257
2024-06-11,14,2023,12.997256104794857
2024-06-11,15,2260,13.574722271386431
2024-06-11,16,2916,13.021778823731138
2024-06-11,17,2954,13.33969153689912
2024-06-11,18,2871,13.612622442818996
2024-06-11,19,3720,14.367205501792114
2024-06-11,20,5668,14.261616434368385
2024-06-11,21,7448,14.153558510114571
2024-06-11,22,5704,13.995847986792894
2024-06-11,23,4407,13.654012642765299
2024-06-12,0,3614,14.148076056078216
2024-06-12,1,3039,13.76177276516398
2024-06-12,2,2200,13.43430540151515
2024-06-12,3,1518,13.01935617039965
2024-06-12,4,811,12.88371734484176
2024-06-12,5,463,14.962783117350613
2024-06-12,6,261,13.654825351213281
2024-06-12,7,178,13.869098408239699
2024-06-12,8,118,13.044374717514124
2024-06-12,9,319,12.635770167189133
2024-06-12,10,1096,12.915030200729928
2024-06-12,11,3053,14.249107020417076
2024-06-12,12,5161,13.227536307563135
2024-06-12,13,2712,12.310370796460177
2024-06-12,14,2069,13.236077807314324
2024-06-12,15,2597,13.4673368309588
2024-06-12,16,3196,13.09984755423446
2024-06-12,17,2969,13.351145099360053
2024-06-12,18,2915,13.994322372784447
2024-06-12,19,3759,14.839639376607254
2024-06-12,20,5861,14.809368506511971
2024-06-12,21,7928,14.847914759922636
2024-06-12,22,6382,14.500545121696437
2024-06-12,23,5045,14.611795080938222
2024-06-13,0,4194,14.129930233667144
2024-06-13,1,3566,14.14133963825014
2024-06-13,2,2565,13.877981910331384
2024-06-13,3,1972,13.138982978363758
2024-06-13,4,1111,13.246222547254725
2024-06-13,5,607,14.102119137836354
2024-06-13,6,288,13.45827957175926
2024-06-13,7,237,12.737065963431785
2024-06-13,8,154,12.485984307359308
2024-06-13,9,301,12.620374916943522
2024-06-13,10,1000,12.435998283333332
2024-06-13,11,3080,13.943177186147187
2024-06-13,12,5317,13.330964704407247
2024-06-13,13,2883,12.987691189732915
2024-06-13,14,2357,13.868900664686748
2024-06-13,15,2850,14.251747900584796
2024-06-13,16,3536,13.36577982183258
2024-06-13,17,3385,14.215714416543575
2024-06-13,18,3342,14.215057934370636
2024-06-13,19,4269,14.412110088232998
2024-06-13,20,5674,13.848777344025379
2024-06-13,21,6946,13.846625954986083
2024-06-13,22,5927,14.176582222597155
2024-06-13,23,4435,13.617255956407366
2024-06-14,0,3429,13.744390799066784
2024-06-14,1,2322,13.143111204421476
2024-06-14,2,1902,12.779613573431476
2024-06-14,3,1696,12.912800913915094
2024-06-14,4,833,11.512157583033213
2024-06-14,5,410,12.960519146341465
2024-06-14,6,386,14.43554835924007
2024-06-14,7,319,13.66098328108673
2024-06-14,8,207,12.249267954911433
2024-06-14,9,296,12.49872286036036
2024-06-14,10,886,12.271390331075995
2024-06-14,11,2167,12.5724696662052
2024-06-14,12,3719,12.573897463475845
2024-06-14,13,2628,12.1297433536276
2024-06-14,14,2537,13.76304349625542
2024-06-14,15,3020,13.787628686534218
2024-06-14,16,3821,13.027588776934484
2024-06-14,17,4151,13.77125812655585
2024-06-14,18,4079,14.60681877502656
2024-06-14,19,4590,14.772126270878722
2024-06-14,20,5730,14.676917902850494
2024-06-14,21,6792,15.047950215940322
2024-06-14,22,6352,15.747977374580184
2024-06-14,23,5844,15.774521834360026
2024-06-15,0,5078,16.19056187475384
2024-06-15,1,3858,15.38512264990496
2024-06-15,2,3367,14.678744312444312
2024-06-15,3,3240,14.347239943415639
2024-06-15,4,2254,13.94073674208814
2024-06-15,5,1618,15.253392624639472
2024-06-15,6,1041,15.201070429074608
2024-06-15,7,829,14.827074045034179
2024-06-15,8,365,12.618232465753424
2024-06-15,9,246,14.660852506775067
2024-06-15,10,414,12.66202576489533
2024-06-15,11,774,12.628161800172265
2024-06-15,12,1525,13.257190349726775
2024-06-15,13,2369,14.04829742507387
2024-06-15,14,3080,15.425664215367966
2024-06-15,15,3730,16.073013990169795
2024-06-15,16,4337,16.66453017831066
2024-06-15,17,4668,16.825823475435588
2024-06-15,18,5220,17.498601950830142
2024-06-15,19,5442,17.687525052064192
2024-06-15,20,5383,17.66901719920738
2024-06-15,21,5591,17.330844896559945
2024-06-15,22,5241,16.970027790497994
2024-06-15,23,4805,16.80779765522026
2024-06-16,0,3975,16.035705190775683
2024-06-16,1,3428,15.572589269739401
2024-06-16,2,3164,15.489332295617363
2024-06-16,3,2951,14.627762227493506
2024-06-16,4,2056,14.042426086251622
2024-06-16,5,1418,13.620184790785142
2024-06-16,6,1173,14.700409292412617
2024-06-16,7,911,16.43134180387852
2024-06-16,8,375,13.380166622222221
2024-06-16,9,327,13.428038226299694
2024-06-16,10,443,12.715149849510912
2024-06-16,11,743,12.44376424405563
2024-06-16,12,1280,13.380597942708334
2024-06-16,13,2003,14.510639432517891
2024-06-16,14,2852,15.218835144927535
2024-06-16,15,3459,16.09865532427484
2024-06-16,16,3813,16.981954292333246
2024-06-16,17,4144,17.30731802606178
2024-06-16,18,4632,17.46113415011514
2024-06-16,19,4865,16.956820167865708
2024-06-16,20,4906,16.090925964805
2024-06-16,21,4758,16.309804350567465
2024-06-16,22,4293,16.24812762248622
2024-06-16,23,3687,16.005198883464423
2024-06-17,0,3317,16.47446717415335
2024-06-17,1,2644,15.840349565052952
2024-06-17,2,2577,14.561650032337345
2024-06-17,3,1764,13.751374914965986
2024-06-17,4,936,14.756869248575498
2024-06-17,5,491,14.806974202308215
2024-06-17,6,307,15.006694733984798
2024-06-17,7,202,15.903550000000001
2024-06-17,8,148,15.076620833333335
2024-06-17,9,321,13.39877377985462
2024-06-17,10,858,11.381421522921523
2024-06-17,11,2191,12.663962171002586
2024-06-17,12,3873,12.1448844263706
2024-06-17,13,2328,12.192828078465062
2024-06-17,14,1976,14.003904023279354
2024-06-17,15,2556,13.027437891236307
2024-06-17,16,3086,13.004629401598617
2024-06-17,17,2996,13.244488924121049
2024-06-17,18,3268,14.326345180538556
2024-06-17,19,3649,14.01688094911848
2024-06-17,20,5103,14.358433705663334
2024-06-17,21,7296,14.446227382584064
2024-06-17,22,5781,13.786810335582079
2024-06-17,23,4756,14.552737811886741
2024-06-18,0,3808,14.62723244485294
2024-06-18,1,3179,14.900808419838524
2024-06-18,2,2155,14.35239773395205
2024-06-18,3,1710,14.074423099415204
2024-06-18,4,839,13.888319884783472
2024-06-18,5,455,16.18018597069597
2024-06-18,6,234,16.35772727920228
2024-06-18,7,158,15.240097784810127
2024-06-18,8,136,13.132747303921567
2024-06-18,9,339,13.541397689282201
2024-06-18,10,1110,12.58077147147147
2024-06-18,11,3085,14.145154084278767
2024-06-18,12,5064,13.459515290942601
2024-06-18,13,2800,13.489575238095238
2024-06-18,14,2135,13.279100757220922
2024-06-18,15,2485,13.198167069081153
2024-06-18,16,2935,12.518636411130041
2024-06-18,17,2783,12.836452114025631
2024-06-18,18,2880,13.28083537037037
2024-06-18,19,3453,13.567287040254852
2024-06-18,20,5222,13.72547672028597
2024-06-18,21,7215,13.931172157542157
2024-06-18,22,5662,13.720952669845756
2024-06-18,23,4784,13.890336416527314
2024-06-19,0,4081,14.472653022135097
2024-06-19,1,3688,14.580273725596529
2024-06-19,2,2668,14.708000830834582
2024-06-19,3,1934,14.339562047569803
2024-06-19,4,1068,14.727343710986268
2024-06-19,5,569,15.602787287639133
2024-06-19,6,304,15.438439747807019
2024-06-19,7,210,17.91840253968254
2024-06-19,8,175,15.759566761904761
2024-06-19,9,356,13.989848080524343
2024-06-19,10,1121,12.03407404103479
2024-06-19,11,2915,14.026155843339051
2024-06-19,12,4848,13.838173597359734
2024-06-19,13,2682,12.508228144419586
2024-06-19,14,2110,12.728847646129543
2024-06-19,15,2531,12.74472818385355
2024-06-19,16,2897,12.338905108733172
2024-06-19,17,2877,12.09652364731781
2024-06-19,18,2967,13.15994864060218
2024-06-19,19,3578,13.303277673746972
2024-06-19,20,5040,13.60149736441799
2024-06-19,21,6668,13.613143433813237
2024-06-19,22,5658,13.385377014846235
2024-06-19,23,4621,15.219946263435043
2024-06-20,0,4055,16.151787768187422
2024-06-20,1,3696,14.540772736291487
2024-06-20,2,3042,14.383274676747753
2024-06-20,3,2332,14.3644237135506
2024-06-20,4,1249,14.56807131038164
2024-06-20,5,648,16.951882330246914
2024-06-20,6,328,15.553816717479673
2024-06-20,7,258,13.356503165374676
2024-06-20,8,187,15.129226024955436
2024-06-20,9,359,13.172583240482822
2024-06-20,10,1109,12.03131318004208
2024-06-20,11,2855,13.795154670169293
2024-06-20,12,4717,13.16608662285351
2024-06-20,13,2669,12.5521781628575
2024-06-20,14,2186,13.394030672461115
2024-06-20,15,2538,12.579242973469924
2024-06-20,16,3051,12.684657096034087
2024-06-20,17,2896,12.439109789364641
2024-06-20,18,2370,12.047205773558368
2024-06-20,19,2962,13.249008946657664
2024-06-20,20,4761,14.002847476020444
2024-06-20,21,6729,13.844929793926784
2024-06-20,22,6016,14.356196476063829
2024-06-20,23,4808,14.166395167775928
2024-06-21,0,4132,14.10752853339787
2024-06-21,1,3408,14.893758000782473
2024-06-21,2,3347,14.693195045314212
2024-06-21,3,2689,14.986800421470189
2024-06-21,4,1610,15.063823654244306
2024-06-21,5,1031,14.668854898157129
2024-06-21,6,588,15.329346683673467
2024-06-21,7,445,14.469767940074908
2024-06-21,8,218,14.58732737003058
2024-06-21,9,335,13.881493980099503
2024-06-21,10,940,11.902879663120567
2024-06-21,11,2037,13.086295459008346
2024-06-21,12,3284,12.780509048924078
2024-06-21,13,2508,12.198824109516215
2024-06-21,14,2384,13.483494945469799
2024-06-21,15,2714,14.206674551707197
2024-06-21,16,3526,13.694258371147665
2024-06-21,17,3745,13.852140066755673
2024-06-21,18,4065,13.999228261582616
2024-06-21,19,4118,14.32814856321839
2024-06-21,20,4172,13.381614213806328
2024-06-21,21,5121,12.823841329818395
2024-06-21,22,4690,13.493676393034825
2024-06-21,23,4466,14.371356758471414
2024-06-22,0,3787,14.761021692632688
2024-06-22,1,3141,14.988768911174784
2024-06-22,2,2879,15.311625743892554
2024-06-22,3,3056,14.775932346204188
2024-06-22,4,2380,14.660220329131652
2024-06-22,5,1755,15.906292431149097
2024-06-22,6,1326,16.07091297134238
2024-06-22,7,1036,15.760199581724581
2024-06-22,8,415,15.209114698795181
2024-06-22,9,250,12.346658333333332
2024-06-22,10,413,12.055564366424537
2024-06-22,11,712,12.380340823970037
2024-06-22,12,1161,12.532888587424635
2024-06-22,13,1818,12.190844132746609
2024-06-22,14,2412,13.43060799474848
2024-06-22,15,3118,14.489254180029933
2024-06-22,16,3301,15.223635241845905
2024-06-22,17,3807,15.983748870501707
2024-06-22,18,4425,16.027471137476457
2024-06-22,19,4559,16.410810232507128
2024-06-22,20,4686,16.065259514155642
2024-06-22,21,4776,16.52305150404802
2024-06-22,22,4551,15.907497634219585
2024-06-22,23,4117,15.902711011254148
2024-06-23,0,3327,15.40682468690512
2024-06-23,1,2482,14.119377605425731
2024-06-23,2,2040,14.834188169934642
2024-06-23,3,1922,14.28532589316684
2024-06-23,4,1530,13.062728246187364
2024-06-23,5,1140,14.347394459064327
2024-06-23,6,961,15.521186663198057
2024-06-23,7,757,15.046452487890797
2024-06-23,8,252,13.77526832010582
2024-06-23,9,187,12.989282174688059
2024-06-23,10,125,8.845672
2024-06-23,11,175,9.271097333333334
2024-06-23,12,361,9.153022483841182
2024-06-23,13,751,10.586936684420772
2024-06-23,14,948,10.89027264416315
2024-06-23,15,1584,12.771644076178452
2024-06-23,16,1911,12.433085723007151
2024-06-23,17,1383,11.04269481802844
2024-06-23,18,1135,11.63992618208517
2024-06-23,19,2184,12.19147026098901
2024-06-23,20,3029,13.7627293716298
2024-06-23,21,3328,14.50476912059295
2024-06-23,22,3405,15.01989552618698
2024-06-23,23,3154,14.637148567956034
2024-06-24,0,2585,13.448799419729207
2024-06-24,1,1086,12.10534556476366
2024-06-24,2,456,10.745098866959065
2024-06-24,3,796,11.373073283082078
2024-06-24,4,534,11.48044925093633
2024-06-24,5,392,12.737364285714285
2024-06-24,6,301,13.177654042081949
2024-06-24,7,253,12.142594466403162
2024-06-24,8,131,12.444835114503817
2024-06-24,9,123,10.202887940379405
2024-06-24,10,163,8.944198159509202
2024-06-24,11,228,9.219996710526317
2024-06-24,12,241,9.853091009681881
2024-06-24,13,406,10.37028132183908
2024-06-24,14,663,11.664941427853192
2024-06-24,15,1178,12.23471196943973
2024-06-24,16,1724,12.803076082753288
2024-06-24,17,2695,15.029199598021027
2024-06-24,18,3328,16.07075717147436
2024-06-24,19,3846,17.526941419656787
2024-06-24,20,3979,16.96843537320935
2024-06-24,21,4798,17.314473457690703
2024-06-24,22,4961,17.5363857522005
2024-06-24,23,5038,16.864666947862908
2024-06-25,0,3917,16.885761033103567
2024-06-25,1,3097,15.923438106769993
2024-06-25,2,2556,15.394470187793427
2024-06-25,3,2797,14.587344851626742
2024-06-25,4,1172,15.051601123435722
2024-06-25,5,775,15.736796924731182
2024-06-25,6,320,14.866792499999999
2024-06-25,7,245,12.478475646258504
2024-06-25,8,172,14.619340600775194
2024-06-25,9,346,12.000851926782275
2024-06-25,10,1093,12.078405352241537
2024-06-25,11,2763,13.888232832669805
2024-06-25,12,4621,13.174540027411094
2024-06-25,13,2683,13.344816312585413
2024-06-25,14,2278,13.912605289727832
2024-06-25,15,2865,13.75472550901687
2024-06-25,16,3127,13.385752894147746
2024-06-25,17,2978,14.24104559547795
2024-06-25,18,3437,14.973663723208224
2024-06-25,19,3969,14.94301523893508
2024-06-25,20,5695,14.823656186713492
2024-06-25,21,7683,15.035181268167817
2024-06-25,22,6336,14.592709151409933
2024-06-25,23,4852,13.813615924704589
2024-06-26,0,3900,14.161143465811966
2024-06-26,1,3141,14.504850419187095
2024-06-26,2,2389,13.240857367099204
2024-06-26,3,1214,11.900113426688632
2024-06-26,4,726,12.418511616161615
2024-06-26,5,372,15.287474193548388
2024-06-26,6,228,14.562208187134503
2024-06-26,7,146,12.417688356164383
2024-06-26,8,148,16.060344256756757
2024-06-26,9,332,12.7915875
2024-06-26,10,1059,11.39680421781555
2024-06-26,11,2679,13.166923273609555
2024-06-26,12,4721,13.219864541410718
2024-06-26,13,2719,12.917958593845777
2024-06-26,14,2252,13.876883311130848
2024-06-26,15,2675,13.706297738317756
2024-06-26,16,3203,13.721895363721512
2024-06-26,17,3244,13.947944466707767
2024-06-26,18,3176,14.496668230478589
2024-06-26,19,3923,14.040054142238084
2024-06-26,20,5671,14.83939198260154
2024-06-26,21,7614,14.38666562034848
2024-06-26,22,6277,14.394121546917317
2024-06-26,23,4957,14.594469901149889
2024-06-27,0,4045,14.327284046147506
2024-06-27,1,3244,14.176691949239622
2024-06-27,2,1971,12.514750245222391
2024-06-27,3,1014,11.784004240631162
2024-06-27,4,249,9.45813219544846
2024-06-27,5,228,11.07162807017544
2024-06-27,6,201,13.609378772802652
2024-06-27,7,145,12.287017011494253
2024-06-27,8,147,14.926227891156461
2024-06-27,9,277,12.135630144404333
2024-06-27,10,720,11.014292916666667
2024-06-27,11,2231,13.226349686239354
2024-06-27,12,4365,12.7355998434517
2024-06-27,13,2838,12.64050383486023
2024-06-27,14,2245,13.676128106904232
2024-06-27,15,2661,13.94625964549668
2024-06-27,16,3197,13.93332850589094
2024-06-27,17,3064,13.912683947998259
2024-06-27,18,3117,14.214521259758316
2024-06-27,19,3741,14.141016051857791
2024-06-27,20,5458,14.23082027299377
2024-06-27,21,7295,14.287576049805802
2024-06-27,22,6289,14.31537050140457
2024-06-27,23,4969,14.326670000670827
2024-06-28,0,4291,14.29683824283384
2024-06-28,1,4409,18.68739668859152
2024-06-28,2,3437,16.865013912326642
2024-06-28,3,2756,14.65965612602806
2024-06-28,4,1423,12.994892984305457
2024-06-28,5,807,14.071565964477488
2024-06-28,6,453,15.524308020603385
2024-06-28,7,279,13.49818542413381
2024-06-28,8,175,11.995826285714287
2024-06-28,9,289,12.830353402537485
2024-06-28,10,811,11.728611898890259
2024-06-28,11,1853,12.574161692750495
2024-06-28,12,3226,12.398268278569953
2024-06-28,13,2476,12.845653951265483
2024-06-28,14,2333,14.110843613373339
2024-06-28,15,2927,14.587730873476826
2024-06-28,16,3634,14.412007727939827
2024-06-28,17,3755,14.199368313359965
2024-06-28,18,3936,15.211345879911924
2024-06-28,19,4835,15.438211392623234
2024-06-28,20,5731,15.14868524981097
2024-06-28,21,6544,15.005413564588427
2024-06-28,22,5980,15.475748216276477
2024-06-28,23,5180,15.741654874517373
2024-06-29,0,4133,15.530717291717075
2024-06-29,1,3582,15.272030211241391
2024-06-29,2,3214,14.905701063057458
2024-06-29,3,3144,15.074825148430875
2024-06-29,4,2318,13.771821440897325
2024-06-29,5,1627,15.91358163286212
2024-06-29,6,1046,15.20905685149777
2024-06-29,7,880,15.305018125
2024-06-29,8,446,14.411927615844544
2024-06-29,9,311,12.622872025723472
2024-06-29,10,391,12.024661253196932
2024-06-29,11,625,12.293434373333334
2024-06-29,12,1194,11.429769807370185
2024-06-29,13,1266,10.590511677198524
2024-06-29,14,1308,10.418924388379205
2024-06-29,15,1678,11.779854469606674
2024-06-29,16,1931,11.887289133436907
2024-06-29,17,2001,11.776510886223555
2024-06-29,18,1251,11.19830997868372
2024-06-29,19,899,10.733031275491287
2024-06-29,20,1130,10.381341032448377
2024-06-29,21,1468,12.32704389191644
2024-06-29,22,1826,12.025116201168307
2024-06-29,23,1370,11.918417189781023
2024-06-30,0,1251,12.765786064481748
2024-06-30,1,1403,13.883116547873604
2024-06-30,2,1521,14.081883125136972
2024-06-30,3,1575,13.192514275132275
2024-06-30,4,1228,12.830435382736155
2024-06-30,5,980,14.508361955782313
2024-06-30,6,733,16.50965093224193
2024-06-30,7,598,14.978120596432554
2024-06-30,8,273,12.582834737484738
2024-06-30,9,196,14.671315476190475
2024-06-30,10,277,11.79459265944645
2024-06-30,11,561,14.052589839572192
2024-06-30,12,933,12.793877920685958
2024-06-30,13,1743,14.217578781793843
2024-06-30,14,2796,15.467172448736289
2024-06-30,15,3533,16.78532282290782
2024-06-30,16,3819,16.688238042244915
2024-06-30,17,4249,17.662830407154626
2024-06-30,18,4708,17.086819948314925
2024-06-30,19,5201,17.787712693071846
2024-06-30,20,5161,16.07246980882258
2024-06-30,21,4975,16.69321595644891
2024-06-30,22,4495,16.711855795328145
2024-06-30,23,3774,16.34501299240417
2024-07-01,0,3510,16.52944821937322
2024-07-01,1,3301,16.40413458547915
2024-07-01,2,2747,15.281173546899648
2024-07-01,3,2505,14.663108256819694
2024-07-01,4,1670,13.636806487025947
2024-07-01,5,1020,14.12868114379085
2024-07-01,6,691,14.69412088760251
2024-07-01,7,433,14.497468244803693
2024-07-01,8,239,14.238183542538353
2024-07-01,9,242,14.026684779614326
2024-07-01,10,413,11.987596690879741
2024-07-01,11,687,12.496845608927705
2024-07-01,12,1258,13.936943614202438
2024-07-01,13,1779,15.473233192804946
2024-07-01,14,2487,17.27364384800965
2024-07-01,15,3958,16.643879484588172
2024-07-01,16,3556,18.601997070678667
2024-07-01,17,3720,19.175076048387098
2024-07-01,18,4852,18.38296043555922
2024-07-01,19,4849,18.4273366089228
2024-07-01,20,4727,18.39531527748396
2024-07-01,21,4847,17.383358799257273
2024-07-01,22,4767,17.140197958184743
2024-07-01,23,4540,17.082799823788548
2024-07-02,0,4252,18.01018383505801
2024-07-02,1,3627,19.27068916919401
2024-07-02,2,3092,17.098906074816732
2024-07-02,3,2276,15.43061502636204
2024-07-02,4,1130,14.234917654867257
2024-07-02,5,533,16.125934083802377
2024-07-02,6,278,14.837260431654675
2024-07-02,7,190,15.000579561403509
2024-07-02,8,135,11.160011604938273
2024-07-02,9,333,13.080932432432432
2024-07-02,10,1016,12.674748654855643
2024-07-02,11,2745,13.807361183970855
2024-07-02,12,4752,13.60396291386083
2024-07-02,13,2749,13.323451157996848
2024-07-02,14,2343,14.075440027030874
2024-07-02,15,2667,14.112712167229095
2024-07-02,16,3212,13.928960190950603
2024-07-02,17,3195,13.828493854981742
2024-07-02,18,3220,15.3075708747412
2024-07-02,19,3851,15.193061767506276
2024-07-02,20,5979,14.717815816468752
2024-07-02,21,8253,14.959886927985783
2024-07-02,22,6725,14.182903298636928
2024-07-02,23,5227,15.192554027166633
2024-07-03,0,4808,15.283953795757073
2024-07-03,1,3937,15.138039657945983
2024-07-03,2,2651,14.786299717087891
2024-07-03,3,2403,14.347286787349146
2024-07-03,4,1212,14.739768963146314
2024-07-03,5,597,15.460038972640982
2024-07-03,6,291,15.225385738831614
2024-07-03,7,204,15.221344852941177
2024-07-03,8,139,12.995327937649881
2024-07-03,9,334,12.813148253493013
2024-07-03,10,1067,12.719287488284909
2024-07-03,11,2891,14.08562123256082
2024-07-03,12,4998,13.799078868213954
2024-07-03,13,2888,14.074079235918745
2024-07-03,14,2237,14.495093622410966
2024-07-03,15,2650,14.369679314465408
2024-07-03,16,3259,14.048165444410351
2024-07-03,17,3214,14.090790308027382
2024-07-03,18,3274,14.377804489920585
2024-07-03,19,4051,14.354003254340492
2024-07-03,20,6034,14.760434659153685
2024-07-03,21,8023,14.652100965972828
2024-07-03,22,6692,14.324810579796772
2024-07-03,23,5372,13.872318857036486
2024-07-04,0,4081,13.454894523401126
2024-07-04,1,2929,12.936172282917948
2024-07-04,2,1266,11.996991561348079
2024-07-04,3,1479,12.394561742168133
2024-07-04,4,849,12.116887691401647
2024-07-04,5,447,12.897356711409396
2024-07-04,6,213,14.407328169014084
2024-07-04,7,182,14.701931868131869
2024-07-04,8,149,13.322315212527965
2024-07-04,9,343,12.951061516034986
2024-07-04,10,1116,12.367511798088412
2024-07-04,11,2931,13.8343862674855
2024-07-04,12,5751,14.381736874746421
2024-07-04,13,3355,14.152623224043715
2024-07-04,14,2317,14.830147230614301
2024-07-04,15,2536,15.126584411146164
2024-07-04,16,3394,13.78477182773522
2024-07-04,17,3477,14.07168541367079
2024-07-04,18,3379,14.658706323369834
2024-07-04,19,3818,14.744012214073685
2024-07-04,20,6036,14.760001946653414
2024-07-04,21,7826,14.66536166198143
2024-07-04,22,6642,14.601529539295392
2024-07-04,23,5772,15.045476648764147
2024-07-05,0,4972,15.485612634084205
2024-07-05,1,4405,21.233039417328794
2024-07-05,2,4018,17.91654610917538
2024-07-05,3,3943,16.294652658720096
2024-07-05,4,1954,15.252685841009894
2024-07-05,5,1044,16.391923515325672
2024-07-05,6,530,16.31869468553459
2024-07-05,7,350,14.696727714285714
2024-07-05,8,198,16.343764225589226
2024-07-05,9,323,12.445721620227038
2024-07-05,10,908,11.847750624082233
2024-07-05,11,2088,12.91112667624521
2024-07-05,12,3503,12.663423479874394
2024-07-05,13,2570,12.72440798313878
2024-07-05,14,2523,14.223884542211652
2024-07-05,15,3023,14.54470536994156
2024-07-05,16,3891,14.35326312002056
2024-07-05,17,3865,14.498174286330315
2024-07-05,18,4757,14.464073393595402
2024-07-05,19,4625,14.917803563963965
2024-07-05,20,5172,14.330522019205981
2024-07-05,21,6263,14.627574716589494
2024-07-05,22,6587,14.70809296594302
2024-07-05,23,5612,15.809464718460442
2024-07-06,0,4783,16.41189463725695
2024-07-06,1,4123,16.210299264289755
2024-07-06,2,3439,14.82014378695357
2024-07-06,3,2606,14.117425217446916
2024-07-06,4,1487,12.59617939923784
2024-07-06,5,1411,15.37795833923931
2024-07-06,6,976,15.153908487021859
2024-07-06,7,759,14.127543983311373
2024-07-06,8,278,12.46327943645084
2024-07-06,9,181,11.623809484346225
2024-07-06,10,321,9.647391484942887
2024-07-06,11,591,12.04568575860124
2024-07-06,12,1273,12.320463943440691
2024-07-06,13,2119,13.341771755545068
2024-07-06,14,2969,14.125890148198048
2024-07-06,15,3681,15.76656582450421
2024-07-06,16,3969,15.448849344923156
2024-07-06,17,4481,16.073513337796623
2024-07-06,18,4754,16.86614058336839
2024-07-06,19,5339,16.639340450771055
2024-07-06,20,5304,15.529844032805432
2024-07-06,21,5594,16.467858702776784
2024-07-06,22,5329,16.487831031463063
2024-07-06,23,4732,16.452508741899127
2024-07-07,0,4181,16.739773977517338
2024-07-07,1,3819,16.02457711442786
2024-07-07,2,4015,16.744046247405564
2024-07-07,3,3321,15.878161763525043
2024-07-07,4,2426,15.227164193459743
2024-07-07,5,1699,15.921448754169118
2024-07-07,6,1288,16.523831133540373
2024-07-07,7,1050,16.671635349206348
2024-07-07,8,466,14.73118587267525
2024-07-07,9,311,14.903057341907823
2024-07-07,10,364,12.635564377289377
2024-07-07,11,684,13.483820126705654
2024-07-07,12,1108,13.917944584837544
2024-07-07,13,1954,14.462390498123506
2024-07-07,14,2781,15.796935269087857
2024-07-07,15,3402,15.555682245737803
2024-07-07,16,3877,16.09545355085547
2024-07-07,17,4476,16.59112440795353
2024-07-07,18,4779,16.886350411522635
2024-07-07,19,5085,16.228876610947232
2024-07-07,20,5398,15.565832666419663
2024-07-07,21,5030,15.975666487740225
2024-07-07,22,4603,16.046434289231662
2024-07-07,23,4248,16.579672912743252
2024-07-08,0,3710,17.247676334231805
2024-07-08,1,3827,18.772553623377753
2024-07-08,2,3196,17.497381382978723
2024-07-08,3,2333,15.20772785397914
2024-07-08,4,1104,14.315275437801931
2024-07-08,5,605,15.917829393939394
2024-07-08,6,370,15.312968648648647
2024-07-08,7,279,15.368252807646359
2024-07-08,8,189,14.42916631393298
2024-07-08,9,375,12.078186177777779
2024-07-08,10,1057,12.247229596341848
2024-07-08,11,2516,13.569822721250663
2024-07-08,12,4313,13.015611275987325
2024-07-08,13,2487,13.004702754322478
2024-07-08,14,2107,14.046069300743554
2024-07-08,15,2416,14.147869743377482
2024-07-08,16,2987,13.234323284231673
2024-07-08,17,2953,13.781976876622643
2024-07-08,18,3030,14.591811798679867
2024-07-08,19,3656,14.129851691283733
2024-07-08,20,5544,14.578118897306396
2024-07-08,21,7384,14.133381272571327
2024-07-08,22,6090,13.95929864258347
2024-07-08,23,5148,14.511512432012433
2024-07-09,0,4290,14.83894848873349
2024-07-09,1,3609,15.04348293155999
2024-07-09,2,2412,14.468252155887232
2024-07-09,3,1636,14.098420863895681
2024-07-09,4,911,14.920023216245886
2024-07-09,5,511,16.616948891063277
2024-07-09,6,270,15.037784691358025
2024-07-09,7,184,15.767271467391305
2024-07-09,8,159,16.467972746331235
2024-07-09,9,362,12.946592403314916
2024-07-09,10,1163,12.748114875322441
2024-07-09,11,3019,13.899672043723086
2024-07-09,12,5192,13.471811402157167
2024-07-09,13,2865,13.18107871436882
2024-07-09,14,2171,13.824279302932595
2024-07-09,15,2642,14.724783080999243
2024-07-09,16,3290,13.683716367781155
2024-07-09,17,3374,12.98339259533689
2024-07-09,18,3806,13.652653214223157
2024-07-09,19,3655,13.690295626994983
2024-07-09,20,5456,14.495512353372435
2024-07-09,21,8768,14.334281556037103
2024-07-09,22,6496,14.20744483271757
2024-07-09,23,5518,14.446557173492812
2024-07-10,0,4527,14.834556844120463
2024-07-10,1,3799,14.27816392910415
2024-07-10,2,3364,14.405126466508126
2024-07-10,3,2048,13.936810766601562
2024-07-10,4,1128,14.296776049054372
2024-07-10,5,589,15.423713950198074
2024-07-10,6,292,15.658855422374428
2024-07-10,7,225,14.358681407407406
2024-07-10,8,153,14.511996405228759
2024-07-10,9,417,12.782402997601919
2024-07-10,10,1181,11.977161910810048
2024-07-10,11,2999,13.743006568856286
2024-07-10,12,5043,13.418130567122745
2024-07-10,13,2917,12.947321300422809
2024-07-10,14,2286,14.015790748031495
2024-07-10,15,2347,12.593429846612697
2024-07-10,16,1578,11.481736100549218
2024-07-10,17,634,10.218468427970556
2024-07-10,18,406,10.99264265188834
2024-07-10,19,740,10.97070331081081
2024-07-10,20,2053,11.497427772365644
2024-07-10,21,2205,11.473653371126229
2024-07-10,22,3111,11.637480472516875
2024-07-10,23,1492,10.616948503127793
2024-07-11,0,641,9.777922490899636
2024-07-11,1,672,10.764254265873015
2024-07-11,2,1079,11.493248084646277
2024-07-11,3,962,11.251619074844074
2024-07-11,4,502,11.595134860557769
2024-07-11,5,327,12.57153496432212
2024-07-11,6,204,14.601937990196078
2024-07-11,7,164,13.104385264227641
2024-07-11,8,132,11.317498106060606
2024-07-11,9,240,11.123245694444444
2024-07-11,10,594,10.0492721661055
2024-07-11,11,1201,10.464005634193727
2024-07-11,12,2906,11.565937302133516
2024-07-11,13,2271,11.6681020182005
2024-07-11,14,1788,12.281599189038033
2024-07-11,15,2010,12.36243795190713
2024-07-11,16,2266,12.070490541335687
2024-07-11,17,1904,11.991886353291317
2024-07-11,18,2041,12.447786207741302
2024-07-11,19,2675,12.991688361370718
2024-07-11,20,4105,12.94939000406009
2024-07-11,21,5228,12.865478420683498
2024-07-11,22,4393,12.987120965171863
2024-07-11,23,3774,13.489566414944356
2024-07-12,0,3513,13.470900090141381
2024-07-12,1,3567,16.548651920381275
2024-07-12,2,3157,14.664097925245487
2024-07-12,3,2180,13.931188180428135
2024-07-12,4,1335,14.464938526841447
2024-07-12,5,836,14.557525797448164
2024-07-12,6,447,14.152387322893363
2024-07-12,7,367,15.977151180744777
2024-07-12,8,226,14.449619174041297
2024-07-12,9,342,13.260869005847953
2024-07-12,10,894,11.36291019761372
2024-07-12,11,2092,12.762629349904397
2024-07-12,12,3456,12.430316835455246
2024-07-12,13,2605,12.417397773512475
2024-07-12,14,2402,14.069194969469885
2024-07-12,15,2852,14.283353786816269
2024-07-12,16,3730,14.145020469168902
2024-07-12,17,4006,13.94830914461641
2024-07-12,18,4023,14.4480941295882
2024-07-12,19,4588,14.430018177855274
2024-07-12,20,5803,14.671699095295537
2024-07-12,21,6787,14.704049683217917
2024-07-12,22,6165,15.062425977291161
2024-07-12,23,5497,15.398408886665454
2024-07-13,0,4559,15.721664188052937
2024-07-13,1,3968,15.514686819556452
2024-07-13,2,3717,16.031117433414042
2024-07-13,3,3119,15.356127968365929
2024-07-13,4,2594,14.531859085068104
2024-07-13,5,1823,15.951953428414702
2024-07-13,6,1255,16.111548140770253
2024-07-13,7,910,15.56282663003663
2024-07-13,8,477,14.405031830887491
2024-07-13,9,297,12.376414814814815
2024-07-13,10,466,12.378970422031474
2024-07-13,11,826,12.970713397901534
2024-07-13,12,1448,12.71666420349908
2024-07-13,13,2367,13.749338403041824
2024-07-13,14,3018,14.861694891760546
2024-07-13,15,3650,15.677166762557079
2024-07-13,16,4285,16.22882039284325
2024-07-13,17,4493,16.309868087395206
2024-07-13,18,4883,16.33778617653082
2024-07-13,19,5201,16.148530577453055
2024-07-13,20,5265,16.1267624311491
2024-07-13,21,5154,16.30488437136205
2024-07-13,22,4993,16.806149859803725
2024-07-13,23,4679,16.895760807152524
2024-07-14,0,3978,16.818126365845487
2024-07-14,1,3842,16.81829851205969
2024-07-14,2,3571,16.19719256977504
2024-07-14,3,2973,15.437795347011996
2024-07-14,4,2396,15.005365393711742
2024-07-14,5,1731,15.631145185827075
2024-07-14,6,1305,15.838045376756066
2024-07-14,7,1006,16.994724519549372
2024-07-14,8,487,15.089272963723477
2024-07-14,9,323,14.447236584107326
2024-07-14,10,401,12.331255112219452
2024-07-14,11,676,12.998040409270216
2024-07-14,12,1208,13.215614583333334
2024-07-14,13,2008,15.176242164674635
2024-07-14,14,2771,14.76904520630338
2024-07-14,15,3397,15.776150574035913
2024-07-14,16,4010,15.907687028262677
2024-07-14,17,4505,15.750153329633738
2024-07-14,18,5210,15.250940307101729
2024-07-14,19,4526,15.749476008985125
2024-07-14,20,4191,15.330497649725602
2024-07-14,21,5370,15.874384338919926
2024-07-14,22,4628,15.838990283779891
2024-07-14,23,4297,16.482114890233497
2024-07-15,0,3881,16.564932736408142
2024-07-15,1,3506,19.615163072827535
2024-07-15,2,3252,16.68743622898729
2024-07-15,3,2323,15.321561838140338
2024-07-15,4,1682,14.844971363456203
2024-07-15,5,699,15.317727443967573
2024-07-15,6,381,15.491893700787402
2024-07-15,7,310,15.313478172043009
2024-07-15,8,171,14.028331384015596
2024-07-15,9,380,12.761801271929823
2024-07-15,10,941,12.13625439249026
2024-07-15,11,2342,13.496842541986906
2024-07-15,12,4129,13.024078142407362
2024-07-15,13,2473,12.78940234532956
2024-07-15,14,2092,12.888217670490759
2024-07-15,15,2447,13.794317579348863
2024-07-15,16,3111,13.414451607200258
2024-07-15,17,3006,13.426742814371257
2024-07-15,18,2968,14.776807316936209
2024-07-15,19,3568,13.65527807828849
2024-07-15,20,5275,14.155218559241707
2024-07-15,21,7227,13.946446570730133
2024-07-15,22,6291,13.703468568854978
2024-07-15,23,5264,14.344775113981763
2024-07-16,0,3904,13.886286069842896
2024-07-16,1,2956,12.066839400090211
2024-07-16,2,1569,12.51345838113448
2024-07-16,3,916,12.284762936681224
2024-07-16,4,654,12.423135856269113
2024-07-16,5,338,15.169018984220907
2024-07-16,6,210,13.159049603174601
2024-07-16,7,149,15.423818344519017
2024-07-16,8,156,13.722030128205128
2024-07-16,9,367,12.409290690281562
2024-07-16,10,1098,12.057462416514875
2024-07-16,11,2926,13.813665960355435
2024-07-16,12,5026,13.039318716010081
2024-07-16,13,2817,12.880674375813513
2024-07-16,14,2175,14.157207203065134
2024-07-16,15,2458,13.637101898562516
2024-07-16,16,3123,12.969182159248586
2024-07-16,17,3080,13.236784172077924
2024-07-16,18,3043,14.112307048964839
2024-07-16,19,3869,14.361929684673042
2024-07-16,20,5414,13.133413043344415
2024-07-16,21,3836,11.438468487139382
2024-07-16,22,2862,11.5684368565106
2024-07-16,23,3131,12.959713738954541
2024-07-17,0,3026,13.541102550121172
2024-07-17,1,2716,14.129962794550812
2024-07-17,2,2033,13.39903143958026
2024-07-17,3,1689,13.773926564041838
2024-07-17,4,970,13.972865704467354
2024-07-17,5,501,15.958230971390552
2024-07-17,6,262,14.162019847328244
2024-07-17,7,211,14.542725671406002
2024-07-17,8,149,13.035466331096197
2024-07-17,9,345,12.184569371980675
2024-07-17,10,1096,12.109505930656935
2024-07-17,11,2920,13.482389554794521
2024-07-17,12,5264,13.458984894250252
2024-07-17,13,2875,12.628551101449276
2024-07-17,14,2304,13.505160944733795
2024-07-17,15,2615,13.973422625876355
2024-07-17,16,3193,13.51736156174966
2024-07-17,17,3282,13.640553087548241
2024-07-17,18,3148,14.5767388235917
2024-07-17,19,3947,14.761609403766576
2024-07-17,20,5931,14.693651076265947
2024-07-17,21,7788,14.646867233778464
2024-07-17,22,6896,14.490313232308585
2024-07-17,23,5524,14.788011646150132
2024-07-18,0,4660,14.884207024320457
2024-07-18,1,3977,14.195835034783338
2024-07-18,2,2941,14.068030590502095
2024-07-18,3,2040,13.982047647058822
2024-07-18,4,1169,13.927617179925862
2024-07-18,5,635,14.343363149606297
2024-07-18,6,315,13.474819100529098
2024-07-18,7,249,15.523700535475236
2024-07-18,8,163,15.093603578732107
2024-07-18,9,266,13.523856328320802
2024-07-18,10,949,12.30184153494907
2024-07-18,11,2165,13.54962700538876
2024-07-18,12,4146,13.274069822318701
2024-07-18,13,2340,13.428531011396013
2024-07-18,14,1586,14.547476933585541
2024-07-18,15,1637,15.84895967216453
2024-07-18,16,2746,14.081473913571255
2024-07-18,17,2154,14.095304789538842
2024-07-18,18,2426,14.972377109095905
2024-07-18,19,3163,14.983857461270945
2024-07-18,20,3044,15.364424676960141
2024-07-18,21,6436,14.788503936192251
2024-07-18,22,5546,14.649391543454742
2024-07-18,23,5002,15.193352175796349
2024-07-19,0,4473,14.993493214844623
2024-07-19,1,3787,14.533716842707507
2024-07-19,2,3078,14.39999924193199
2024-07-19,3,2310,13.788793463203463
2024-07-19,4,1432,13.533137325418993
2024-07-19,5,814,14.696520045045046
2024-07-19,6,488,14.498348975409836
2024-07-19,7,362,13.503659346224678
2024-07-19,8,226,13.013280825958702
2024-07-19,9,337,13.23866696340257
2024-07-19,10,944,11.910587217514124
2024-07-19,11,2071,12.324079116368903
2024-07-19,12,3477,12.571554045633208
2024-07-19,13,2688,12.586244872271825
2024-07-19,14,2444,13.501362936442987
2024-07-19,15,3011,14.782073087567808
2024-07-19,16,3934,13.961428194373836
2024-07-19,17,4048,14.198738809288537
2024-07-19,18,4013,15.091488396046184
2024-07-19,19,4812,14.754835726655584
2024-07-19,20,5787,14.792890101376651
2024-07-19,21,6564,14.517060626142596
2024-07-19,22,6116,15.342945983213431
2024-07-19,23,5399,15.870229042415264
2024-07-20,0,4597,15.548465734899573
2024-07-20,1,3952,15.223087824730095
2024-07-20,2,3388,15.470183736717827
2024-07-20,3,3151,15.169815349624459
2024-07-20,4,2429,14.500802621106077
2024-07-20,5,1557,15.089114515093128
2024-07-20,6,1103,14.86654525536416
2024-07-20,7,997,15.643664694082245
2024-07-20,8,459,14.194490159767613
2024-07-20,9,279,12.586359318996417
2024-07-20,10,459,11.616049346405228
2024-07-20,11,823,13.224797549615229
2024-07-20,12,1494,13.905034381972333
2024-07-20,13,2388,13.774872640982691
2024-07-20,14,3213,15.998972549019607
2024-07-20,15,3810,16.46442540244969
2024-07-20,16,4408,16.085119370084694
2024-07-20,17,4548,16.692898541483437
2024-07-20,18,4889,16.886400460216812
2024-07-20,19,5059,16.930794099624432
2024-07-20,20,5229,17.03087614904061
2024-07-20,21,4893,16.49354845357313
2024-07-20,22,4507,14.913003050809852
2024-07-20,23,1998,13.89451828495162
2024-07-21,0,2712,15.822551026302852
2024-07-21,1,3479,19.60719942991281
2024-07-21,2,2842,16.512385297912267
2024-07-21,3,1951,13.837341406116522
2024-07-21,4,1137,13.85871876282615
2024-07-21,5,1076,14.820124148079307
2024-07-21,6,856,14.425202842679129
2024-07-21,7,755,15.379957505518764
2024-07-21,8,346,13.875460645472062
2024-07-21,9,226,13.8928005899705
2024-07-21,10,350,11.548605904761905
2024-07-21,11,658,12.358200886524823
2024-07-21,12,1152,14.056051967592593
2024-07-21,13,2040,14.724193807189543
2024-07-21,14,2837,15.054334361414641
2024-07-21,15,3508,16.723711568795135
2024-07-21,16,4069,17.013800569345456
2024-07-21,17,4322,17.636359914391488
2024-07-21,18,4769,17.643865181379745
2024-07-21,19,4902,17.306271834625324
2024-07-21,20,5278,16.450908813313124
2024-07-21,21,5235,17.035990633556196
2024-07-21,22,4492,17.339272458444643
2024-07-21,23,4023,16.780998815146244
2024-07-22,0,3490,16.42164495224451
2024-07-22,1,3091,15.77411706567454
2024-07-22,2,2396,14.452869066499723
2024-07-22,3,1577,14.09248096596914
2024-07-22,4,897,13.298310925306577
2024-07-22,5,530,14.313774559748428
2024-07-22,6,330,14.84791292929293
2024-07-22,7,218,14.52135504587156
2024-07-22,8,158,13.813104008438819
2024-07-22,9,319,12.601261337513062
2024-07-22,10,901,11.962590695523494
2024-07-22,11,2219,13.297225431876221
2024-07-22,12,3991,12.903805892424622
2024-07-22,13,2482,12.975597589309697
2024-07-22,14,2121,15.113883026874117
2024-07-22,15,2664,14.932298517267268
2024-07-22,16,3231,13.809371649644072
2024-07-22,17,3078,14.555645159194283
2024-07-22,18,3065,15.188475013594346
2024-07-22,19,3767,15.06452344925228
2024-07-22,20,5345,14.544100143436234
2024-07-22,21,7190,14.55415858368104
2024-07-22,22,6071,14.839940624828419
2024-07-22,23,4985,14.97034791039786
2024-07-23,0,4087,15.128553845526467
2024-07-23,1,3127,14.930122449632234
2024-07-23,2,2256,14.433525805260047
2024-07-23,3,1522,14.223586191414805
2024-07-23,4,877,14.086974002280503
2024-07-23,5,407,13.878318837018837
2024-07-23,6,250,15.5635222
2024-07-23,7,190,17.151335789473684
2024-07-23,8,155,13.169534086021507
2024-07-23,9,326,12.55655618609407
2024-07-23,10,1040,11.554858205128205
2024-07-23,11,2693,13.184154412674836
2024-07-23,12,4807,12.772282355592539
2024-07-23,13,2819,13.015770509636988
2024-07-23,14,2181,14.18174048601559
2024-07-23,15,2495,14.290855390781564
2024-07-23,16,3167,13.924019497947583
2024-07-23,17,3222,14.33158572315332
2024-07-23,18,3295,14.902383464845727
2024-07-23,19,3927,15.123471628045158
2024-07-23,20,6036,14.557785928871217
2024-07-23,21,8072,14.505277944334326
2024-07-23,22,6701,14.739372698104761
2024-07-23,23,5297,14.838199207098357
2024-07-24,0,4435,15.026009586621571
2024-07-24,1,3743,14.587416590969811
2024-07-24,2,2656,15.094061276355422
2024-07-24,3,1965,13.834614995759118
2024-07-24,4,1082,14.075426032039433
2024-07-24,5,512,15.9129505859375
2024-07-24,6,276,15.041801871980677
2024-07-24,7,174,12.409915421455937
2024-07-24,8,123,14.085094579945798
2024-07-24,9,319,12.130074921630094
2024-07-24,10,1043,12.143185682326623
2024-07-24,11,2689,13.40738199454568
2024-07-24,12,4865,13.291890250085647
2024-07-24,13,2876,13.352670352341214
2024-07-24,14,2378,14.009481686291
2024-07-24,15,2788,13.895211148971786
2024-07-24,16,3426,13.547704227476162
2024-07-24,17,3181,13.546099386985224
2024-07-24,18,2889,13.534135179416177
2024-07-24,19,3576,12.857640137956748
2024-07-24,20,3139,12.557651470744398
2024-07-24,21,4303,12.52531244480595
2024-07-24,22,4101,12.332085840851825
2024-07-24,23,2185,11.430019130434783
2024-07-25,0,1070,10.568399906542055
2024-07-25,1,1501,12.0455084832334
2024-07-25,2,1502,12.867585252996005
2024-07-25,3,1436,13.903600290157845
2024-07-25,4,807,12.906980235439901
2024-07-25,5,466,14.031529291845494
2024-07-25,6,250,12.480284933333333
2024-07-25,7,203,13.522971018062398
2024-07-25,8,152,13.177891228070175
2024-07-25,9,273,12.251625763125762
2024-07-25,10,927,10.721998705501617
2024-07-25,11,2466,13.141210955663693
2024-07-25,12,4723,12.667292660032466
2024-07-25,13,2831,12.218889879901095
2024-07-25,14,1797,12.3253081803005
2024-07-25,15,2647,13.598239321244176
2024-07-25,16,3239,13.130953900380776
2024-07-25,17,3103,13.194004313030401
2024-07-25,18,3050,14.034074158469943
2024-07-25,19,3606,13.500659595119245
2024-07-25,20,5255,13.726783009831907
2024-07-25,21,6280,13.234969487791933
2024-07-25,22,5607,13.760401117650556
2024-07-25,23,4585,13.202778309705561
2024-07-26,0,3810,13.340109641294838
2024-07-26,1,3077,13.492863210919726
2024-07-26,2,2907,13.227035299850934
2024-07-26,3,2109,13.129489608029083
2024-07-26,4,1257,13.282587311058075
2024-07-26,5,743,14.193854688200988
2024-07-26,6,439,13.976915261958997
2024-07-26,7,356,13.697852855805243
2024-07-26,8,212,13.027505188679244
2024-07-26,9,311,12.636182207931403
2024-07-26,10,877,11.121147453439756
2024-07-26,11,1889,12.235850485265573
2024-07-26,12,3284,12.152434378806333
2024-07-26,13,2587,12.514858948589099
2024-07-26,14,2577,14.125394961841934
2024-07-26,15,3050,14.514096426229509
2024-07-26,16,3881,13.669506518938418
2024-07-26,17,3935,13.721224396442185
2024-07-26,18,3886,14.639493854005833
2024-07-26,19,4255,14.726760101840972
2024-07-26,20,5393,14.164139232956302
2024-07-26,21,6315,14.484700382686725
2024-07-26,22,6035,14.709561916597625
2024-07-26,23,5208,15.442627851382488
2024-07-27,0,4401,15.628319715216238
2024-07-27,1,3606,15.561204936217417
2024-07-27,2,3397,14.939580051025414
2024-07-27,3,3043,14.825637994303866
2024-07-27,4,2466,14.772118565828602
2024-07-27,5,1747,15.128456401450105
2024-07-27,6,1179,15.350577184054284
2024-07-27,7,956,14.659052649930265
2024-07-27,8,385,13.80815883116883
2024-07-27,9,298,13.52020514541387
2024-07-27,10,439,11.542774145785877
2024-07-27,11,791,12.944738453434471
2024-07-27,12,1516,12.904678232189974
2024-07-27,13,2351,13.43913614773855
2024-07-27,14,3199,15.118055340210482
2024-07-27,15,3576,15.995190706562267
2024-07-27,16,4046,16.237366057011037
2024-07-27,17,4286,16.21929494089283
2024-07-27,18,4652,16.500047004872457
2024-07-27,19,4920,16.44572389905149
2024-07-27,20,5106,16.22890840840841
2024-07-27,21,5052,16.058209487991554
2024-07-27,22,4948,16.265408060495822
2024-07-27,23,4550,16.99341095970696
2024-07-28,0,4193,17.004522442165513
2024-07-28,1,4208,23.068641876584284
2024-07-28,2,3780,18.78700177248677
2024-07-28,3,3539,17.198621945935763
2024-07-28,4,2395,14.685621071677106
2024-07-28,5,1674,14.50738686778176
2024-07-28,6,1096,15.135736085766423
2024-07-28,7,927,15.694900143833154
2024-07-28,8,473,14.069949541930937
2024-07-28,9,310,13.892107150537637
2024-07-28,10,394,11.10447529610829
2024-07-28,11,663,12.873960130718954
2024-07-28,12,1201,13.516182944768248
2024-07-28,13,2062,13.516769924021984
2024-07-28,14,2812,14.817332432432432
2024-07-28,15,3434,16.17875905164046
2024-07-28,16,3873,16.551578522248043
2024-07-28,17,4326,16.750459739559254
2024-07-28,18,4496,16.641670955664296
2024-07-28,19,4860,16.473706375171467
2024-07-28,20,5057,15.959964531013117
2024-07-28,21,4758,15.804628562421184
2024-07-28,22,4330,16.32950933795227
2024-07-28,23,3857,16.907295484400656
2024-07-29,0,3547,16.43048036368762
2024-07-29,1,2958,15.574565258057245
2024-07-29,2,2428,14.677245641131247
2024-07-29,3,1740,14.069038141762453
2024-07-29,4,1008,14.355133796296295
2024-07-29,5,655,15.451569872773536
2024-07-29,6,353,15.618267138810198
2024-07-29,7,253,15.650768972332015
2024-07-29,8,192,14.443359809027777
2024-07-29,9,326,12.274016666666666
2024-07-29,10,885,11.651190941619586
2024-07-29,11,2159,13.148084792342134
2024-07-29,12,3997,12.568018538904179
2024-07-29,13,2474,12.596338904607922
2024-07-29,14,2047,14.136340425012213
2024-07-29,15,2510,13.890835099601592
2024-07-29,16,3072,13.12304152560764
2024-07-29,17,2970,13.166249781144781
2024-07-29,18,2811,14.047752092968102
2024-07-29,19,3476,14.359814566551591
2024-07-29,20,5327,14.022775508416244
2024-07-29,21,7168,14.165506547619048
2024-07-29,22,5934,14.029629201775082
2024-07-29,23,5034,14.395546473976955
2024-07-30,0,4247,14.98883070795071
2024-07-30,1,3341,14.488248573281453
2024-07-30,2,2394,14.50157186716792
2024-07-30,3,1595,13.974381368861025
2024-07-30,4,989,14.464721418941693
2024-07-30,5,499,15.422619338677356
2024-07-30,6,274,15.21176301703163
2024-07-30,7,206,14.008899919093853
2024-07-30,8,149,15.124416554809843
2024-07-30,9,335,12.761382985074626
2024-07-30,10,1003,12.421410086407445
2024-07-30,11,2672,13.18179376247505
2024-07-30,12,4790,12.849009043145442
2024-07-30,13,2815,13.100313777383066
2024-07-30,14,2254,13.655627587991718
2024-07-30,15,2595,14.504646576750162
2024-07-30,16,3165,13.803236282253817
2024-07-30,17,3099,13.53418816284823
2024-07-30,18,2995,14.658057996661102
2024-07-30,19,3737,14.13768212023905
2024-07-30,20,5761,13.765371185558063
2024-07-30,21,7886,14.275725412122748
2024-07-30,22,6530,14.356125571720264
2024-07-30,23,5308,14.660421665410702
2024-07-31,0,4466,14.376611867442902
2024-07-31,1,3733,14.746583882489508
2024-07-31,2,2746,14.348783570041274
2024-07-31,3,1982,13.612638008745375
2024-07-31,4,1089,13.792865656565656
2024-07-31,5,511,15.203206784083497
2024-07-31,6,251,13.618175099601594
2024-07-31,7,222,13.361218993993994
2024-07-31,8,129,14.23793992248062
2024-07-31,9,234,12.66475113960114
2024-07-31,10,799,11.256883437630371
2024-07-31,11,2190,12.761298439878233
2024-07-31,12,4189,11.983770577703508
2024-07-31,13,2610,11.623794010217113
2024-07-31,14,1989,12.790839140271492
2024-07-31,15,2422,12.616071924029727
2024-07-31,16,2816,11.620000029592804
2024-07-31,17,2002,10.922290542790542
2024-07-31,18,1673,11.553815710300855
2024-07-31,19,2280,12.183062748538012
2024-07-31,20,4223,12.610123750887993
2024-07-31,21,5724,12.461456999767064
2024-07-31,22,5300,12.305145374213836
2024-07-31,23,4451,13.452633936194113
2024-08-01,0,3728,13.97790245439914
2024-08-01,1,3159,13.490162809960957
2024-08-01,2,2519,13.175944561333862
2024-08-01,3,1972,13.247040720081136
2024-08-01,4,1062,13.267670558694288
2024-08-01,5,629,14.014410095389506
2024-08-01,6,332,15.58913002008032
2024-08-01,7,225,14.412775703703705
2024-08-01,8,148,14.056166666666666
2024-08-01,9,284,13.141540669014084
2024-08-01,10,948,11.46476904008439
2024-08-01,11,2555,12.859651676451403
2024-08-01,12,4743,12.457619994377678
2024-08-01,13,2957,12.184388310224325
2024-08-01,14,2425,13.908581828178695
2024-08-01,15,2619,13.771324856815577
2024-08-01,16,3421,12.835485267465652
2024-08-01,17,3250,13.0302956
2024-08-01,18,3121,13.925751137455944
2024-08-01,19,3875,13.585626507526884
2024-08-01,20,5535,13.74573859680819
2024-08-01,21,7435,13.705469479937234
2024-08-01,22,6756,14.132325046871916
2024-08-01,23,5643,14.520646644810679
2024-08-02,0,5207,17.568728346456695
2024-08-02,1,5040,27.031199847883595
2024-08-02,2,4059,18.620566046645315
2024-08-02,3,4031,15.538931708426363
2024-08-02,4,1885,13.542959637488948
2024-08-02,5,1218,15.675385125889438
2024-08-02,6,707,15.809045591702027
2024-08-02,7,477,16.302528825995807
2024-08-02,8,248,12.522488037634409
2024-08-02,9,319,13.591276907001046
2024-08-02,10,845,11.683569546351084
2024-08-02,11,1876,12.660827318763328
2024-08-02,12,3329,12.334643651747271
2024-08-02,13,2659,12.541419581296227
2024-08-02,14,2478,12.958098903685768
2024-08-02,15,2998,13.554641611074048
2024-08-02,16,3807,12.777304456702566
2024-08-02,17,4006,12.622699296888001
2024-08-02,18,3832,13.64987045494085
2024-08-02,19,4320,13.922824436728394
2024-08-02,20,5375,13.717162970542637
2024-08-02,21,6169,13.659033063165289
2024-08-02,22,5648,14.1635434460576
2024-08-02,23,5319,14.677424493952497
2024-08-03,0,4507,14.543131092374823
2024-08-03,1,3828,14.954244548937652
2024-08-03,2,3533,15.336996777997925
2024-08-03,3,3234,14.959031694495982
2024-08-03,4,2452,14.587852949972811
2024-08-03,5,1729,15.767848525159051
2024-08-03,6,1252,15.544325
2024-08-03,7,929,14.869056225331898
2024-08-03,8,398,12.51620431323283
2024-08-03,9,315,14.03396
2024-08-03,10,425,13.232515686274509
2024-08-03,11,812,12.35001486042693
2024-08-03,12,1518,13.74106073781291
2024-08-03,13,2457,13.528915981549314
2024-08-03,14,3259,15.204001943336403
2024-08-03,15,3675,14.76455514739229
2024-08-03,16,3995,15.705431935753024
2024-08-03,17,4489,15.487441605405806
2024-08-03,18,4508,15.382321480331262
2024-08-03,19,4614,15.138995329432163
2024-08-03,20,4780,15.125673546025103
2024-08-03,21,4784,15.316420007664437
2024-08-03,22,4674,16.101928558693483
2024-08-03,23,4456,15.885006242519449
2024-08-04,0,3923,15.885721339960915
2024-08-04,1,3369,15.662165781141784
2024-08-04,2,3233,16.397828874110733
2024-08-04,3,3101,14.733586332365904
2024-08-04,4,2375,14.429856449122807
2024-08-04,5,1668,14.610185771382893
2024-08-04,6,1298,16.17753027734977
2024-08-04,7,1050,16.31686042857143
2024-08-04,8,510,14.671043954248367
2024-08-04,9,368,13.319208061594201
2024-08-04,10,412,11.366660234627831
2024-08-04,11,676,12.903887327416173
2024-08-04,12,1148,13.243523562717769
2024-08-04,13,2170,13.598581620583717
2024-08-04,14,3054,14.524983071381795
2024-08-04,15,3512,15.340310995634017
2024-08-04,16,3927,15.033757529072236
2024-08-04,17,4273,15.728567142522818
2024-08-04,18,4508,15.677978223898256
2024-08-04,19,4812,15.095634535189802
2024-08-04,20,4545,14.500357858452512
2024-08-04,21,3753,14.591238991029398
2024-08-04,22,3570,15.541169659197013
2024-08-04,23,2670,14.275422808988765
2024-08-05,0,2497,15.24647607128554
2024-08-05,1,2279,14.968089293549804
2024-08-05,2,2169,15.366726179499002
2024-08-05,3,1902,14.647020127935505
2024-08-05,4,1201,13.589775770191507
2024-08-05,5,658,16.56680787740628
2024-08-05,6,353,15.813155004721434
2024-08-05,7,366,17.102291120218577
2024-08-05,8,212,13.3198375
2024-08-05,9,373,13.238692314566578
2024-08-05,10,908,11.704788674743025
2024-08-05,11,2254,12.892688198757764
2024-08-05,12,3910,12.40060301364024
2024-08-05,13,2479,12.746015819550895
2024-08-05,14,2169,14.551024957737821
2024-08-05,15,2563,13.859425933151254
2024-08-05,16,2977,13.081636849177023
2024-08-05,17,2826,12.474379735786743
2024-08-05,18,1577,11.598743880786301
2024-08-05,19,1662,11.547035920577617
2024-08-05,20,2406,11.239027646162372
2024-08-05,21,2417,10.960984636601848
2024-08-05,22,2601,10.889139593745995
2024-08-05,23,1900,11.120535201754386
2024-08-06,0,1885,12.179096887709992
2024-08-06,1,1678,12.71481594159714
2024-08-06,2,1413,13.144751556970984
2024-08-06,3,1092,13.400943208180708
2024-08-06,4,641,12.307427613104524
2024-08-06,5,335,14.16657870646766
2024-08-06,6,207,13.10763107890499
2024-08-06,7,179,12.424868715083798
2024-08-06,8,158,12.74345348101266
2024-08-06,9,343,11.667939261418853
2024-08-06,10,1047,11.745919754855143
2024-08-06,11,2677,13.100674486365335
2024-08-06,12,4961,12.868145461264529
2024-08-06,13,2908,12.71166086084365
2024-08-06,14,2222,14.673107808280829
2024-08-06,15,2628,14.509534785641804
2024-08-06,16,3399,14.674532225164263
2024-08-06,17,3273,14.717958804358895
2024-08-06,18,3150,15.21724542857143
2024-08-06,19,4068,15.537830137659784
2024-08-06,20,6036,14.72727801248067
2024-08-06,21,8330,14.47322674269708
2024-08-06,22,7126,15.468864589765179
2024-08-06,23,5183,15.855455087143868
2024-08-07,0,4277,14.315945444626296
2024-08-07,1,4298,15.299589002636884
2024-08-07,2,2765,13.61103464135021
2024-08-07,3,2024,13.713283596837945
2024-08-07,4,1193,13.632829952500698
2024-08-07,5,548,15.228607086374696
2024-08-07,6,300,13.629863833333333
2024-08-07,7,217,12.596733333333335
2024-08-07,8,160,14.966528645833332
2024-08-07,9,328,11.859578150406504
2024-08-07,10,1081,11.632032408263953
2024-08-07,11,2778,13.398400077993761
2024-08-07,12,4904,13.068787234910278
2024-08-07,13,2928,12.805267315573769
2024-08-07,14,2384,14.456469197427294
2024-08-07,15,2811,15.0271915747658
2024-08-07,16,3519,14.628528104575162
2024-08-07,17,3440,14.04189816375969
2024-08-07,18,3340,15.056811387225551
2024-08-07,19,4016,15.370352382138115
2024-08-07,20,6281,15.179688977339065
2024-08-07,21,8444,14.949707733301752
2024-08-07,22,7019,14.820554395212994
2024-08-07,23,5654,15.283387843414692
2024-08-08,0,4854,15.019835101634392
2024-08-08,1,3675,14.634137845804988
2024-08-08,2,3115,14.126078159443551
2024-08-08,3,2177,14.41015359056806
2024-08-08,4,1162,13.469651635111875
2024-08-08,5,657,15.121611516996449
2024-08-08,6,379,14.353962401055409
2024-08-08,7,252,14.691647883597884
2024-08-08,8,196,12.390167006802722
2024-08-08,9,342,11.858407797270955
2024-08-08,10,1017,11.608466306129138
2024-08-08,11,2700,13.23578487037037
2024-08-08,12,4987,13.05079827217432
2024-08-08,13,3056,12.784939463350787
2024-08-08,14,2478,14.720476055959107
2024-08-08,15,2859,15.29202601725545
2024-08-08,16,3651,14.886457911074594
2024-08-08,17,3473,13.724423956233803
2024-08-08,18,3411,14.582312298446203
2024-08-08,19,4175,15.463889493013973
2024-08-08,20,6125,14.83822396462585
2024-08-08,21,8029,14.492579972599327
2024-08-08,22,6709,13.619035514483032
2024-08-08,23,3994,11.765671344516775
2024-08-09,0,2385,11.06892248777079
2024-08-09,1,1450,11.574695057471263
2024-08-09,2,1591,11.919583878064111
2024-08-09,3,1131,11.677349440023578
2024-08-09,4,839,11.941132240762814
2024-08-09,5,482,12.169875795297372
2024-08-09,6,239,12.753294211994422
2024-08-09,7,209,13.247199122807016
2024-08-09,8,68,11.462080882352941
2024-08-09,9,105,9.303201587301588
2024-08-09,10,169,9.134194082840237
2024-08-09,11,396,10.205614183501684
2024-08-09,12,1328,9.90192670682731
2024-08-09,13,952,9.444976085434172
2024-08-09,14,583,9.313242052601487
2024-08-09,15,823,9.753063770757393
2024-08-09,16,879,10.088596909366705
2024-08-09,17,619,9.112084571890145
2024-08-09,18,691,10.278453521466473
2024-08-09,19,1003,10.722802924559655
2024-08-09,20,978,10.433384202453986
2024-08-09,21,860,9.945786259689923
2024-08-09,22,499,10.379637007348029
2024-08-09,23,388,10.885665936426117
2024-08-10,0,942,11.18155067232838
2024-08-10,1,1280,12.139087994791668
2024-08-10,2,1240,12.374976653225806
2024-08-10,3,1356,13.437647308259587
2024-08-10,4,1275,13.041622784313727
2024-08-10,5,941,14.194188292596529
2024-08-10,6,715,14.447922377622376
2024-08-10,7,734,14.585723047229791
2024-08-10,8,357,13.50670056022409
2024-08-10,9,294,12.823484070294786
2024-08-10,10,422,11.195376698262244
2024-08-10,11,736,12.593427558876813
2024-08-10,12,1509,12.672878241661143
2024-08-10,13,2506,13.53290018621974
2024-08-10,14,3364,14.793871086008721
2024-08-10,15,4252,16.485673690812167
2024-08-10,16,4879,16.324618832411016
2024-08-10,17,5035,16.527353018867924
2024-08-10,18,5379,17.066933757823637
2024-08-10,19,5701,17.380219128223118
2024-08-10,20,5380,16.992504200743497
2024-08-10,21,5513,16.720763153757783
2024-08-10,22,5427,15.817685464652046
2024-08-10,23,2868,14.704384048117156
2024-08-11,0,3150,15.303991412698414
2024-08-11,1,2764,15.064524770863484
2024-08-11,2,2806,15.361555595153243
2024-08-11,3,2887,15.085926763653159
2024-08-11,4,2114,14.447901426994639
2024-08-11,5,1664,14.343455969551282
2024-08-11,6,1248,16.7396
2024-08-11,7,1188,16.0821222362514
2024-08-11,8,522,14.667386270753513
2024-08-11,9,335,12.97987487562189
2024-08-11,10,445,11.24169404494382
2024-08-11,11,605,13.336651955922866
2024-08-11,12,1167,15.02049872893459
2024-08-11,13,1967,14.427166963226572
2024-08-11,14,2957,15.638123323187916
2024-08-11,15,3720,16.30081094982079
2024-08-11,16,4479,16.442957654238295
2024-08-11,17,4695,16.637079811856587
2024-08-11,18,4771,17.40235108642493
2024-08-11,19,5195,16.029422605068977
2024-08-11,20,5486,15.840598386802771
2024-08-11,21,4979,15.09985383611167
2024-08-11,22,2452,12.148828473355083
2024-08-11,23,2008,13.933723290172644
2024-08-12,0,2262,13.684596382257588
2024-08-12,1,1884,13.652703458952582
2024-08-12,2,1910,14.94310560209424
2024-08-12,3,1551,13.623034923705136
2024-08-12,4,890,13.299441460674156
2024-08-12,5,557,15.440648862956314
2024-08-12,6,344,14.043717151162792
2024-08-12,7,344,16.171481976744186
2024-08-12,8,177,13.954959039548024
2024-08-12,9,347,11.138972334293948
2024-08-12,10,898,11.107755252412769
2024-08-12,11,2208,12.80380569142512
2024-08-12,12,3823,12.370524016915162
2024-08-12,13,2358,12.20759961832061
2024-08-12,14,1971,13.470248165060037
2024-08-12,15,2454,13.818042053789732
2024-08-12,16,3141,13.38783326435318
2024-08-12,17,3079,14.027725885027607
2024-08-12,18,3000,13.264931849999998
2024-08-12,19,2234,12.115880020889287
2024-08-12,20,3942,13.74569372568916
2024-08-12,21,6524,14.076530206417331
2024-08-12,22,5582,13.943829412994148
2024-08-12,23,4471,14.535898680384701
2024-08-13,0,3678,13.690729051114737
2024-08-13,1,3127,14.59389404647692
2024-08-13,2,2001,13.483884740962852
2024-08-13,3,1429,13.256160753440634
2024-08-13,4,731,12.028476584587322
2024-08-13,5,462,14.023640981240982
2024-08-13,6,246,14.430622357723578
2024-08-13,7,165,14.348434242424242
2024-08-13,8,133,16.082124812030074
2024-08-13,9,346,12.677529816955683
2024-08-13,10,1061,12.073209236569273
2024-08-13,11,2809,13.310094090423638
2024-08-13,12,5002,12.935707393709183
2024-08-13,13,2865,12.806228504944734
2024-08-13,14,2265,14.099572251655628
2024-08-13,15,2689,14.92834191149126
2024-08-13,16,3356,13.93104383690902
2024-08-13,17,3372,14.354840450771057
2024-08-13,18,3482,14.585143509477312
2024-08-13,19,4037,15.129981520931384
2024-08-13,20,6231,14.827423059434011
2024-08-13,21,8254,14.806296141264841
2024-08-13,22,6839,14.59354378320417
2024-08-13,23,5273,14.792256479549907
2024-08-14,0,4564,14.508900157026
2024-08-14,1,3380,14.083351084812625
2024-08-14,2,2517,14.437822851277978
2024-08-14,3,1874,14.276065928495196
2024-08-14,4,1091,13.621345661472656
2024-08-14,5,519,15.035633590237635
2024-08-14,6,272,13.98673431372549
2024-08-14,7,218,14.78506376146789
2024-08-14,8,151,12.420227593818986
2024-08-14,9,361,12.447337719298247
2024-08-14,10,1088,12.100190946691177
2024-08-14,11,2837,12.998605727881566
2024-08-14,12,4908,13.104067889160554
2024-08-14,13,2908,12.672239740944523
2024-08-14,14,2411,14.467919355730679
2024-08-14,15,2931,14.282682554304563
2024-08-14,16,3425,13.43876404379562
2024-08-14,17,3423,14.031837437919954
2024-08-14,18,3364,14.435762802219578
2024-08-14,19,3972,14.485315680597516
2024-08-14,20,5436,13.406830104856512
2024-08-14,21,5240,13.195841307251909
2024-08-14,22,5542,13.458357181522913
2024-08-14,23,4557,13.730753437934313
2024-08-15,0,3742,13.8070434437912
2024-08-15,1,3219,14.26027149735943
2024-08-15,2,2499,13.408473182606377
2024-08-15,3,1888,12.751327921963277
2024-08-15,4,1051,13.09395429749445
2024-08-15,5,638,14.50877262277952
2024-08-15,6,312,15.065291506410258
2024-08-15,7,249,14.238052141900939
2024-08-15,8,200,13.8356405
2024-08-15,9,363,11.68705707070707
2024-08-15,10,1069,11.322004240723418
2024-08-15,11,2665,12.838532551594746
2024-08-15,12,4842,12.823083199091284
2024-08-15,13,3117,12.98218832745161
2024-08-15,14,2491,13.240458925465006
2024-08-15,15,2974,13.922431556825824
2024-08-15,16,3409,13.697198826635377
2024-08-15,17,3365,13.79271398216939
2024-08-15,18,3352,14.469849537589498
2024-08-15,19,4076,14.789556268400393
2024-08-15,20,5899,14.501084226140025
2024-08-15,21,7869,14.541876028296693
2024-08-15,22,6802,14.768659328138783
2024-08-15,23,5316,14.121360139202409
2024-08-16,0,4369,14.438502155336844
2024-08-16,1,3516,14.52064755403868
2024-08-16,2,3123,14.242663453943857
2024-08-16,3,2296,13.765119178281068
2024-08-16,4,1470,14.140951349206349
2024-08-16,5,888,14.415632789039039
2024-08-16,6,541,14.506300277264325
2024-08-16,7,419,14.667501829753382
2024-08-16,8,219,12.652199315068493
2024-08-16,9,322,12.900087888198758
2024-08-16,10,936,11.670004754273503
2024-08-16,11,2027,12.39742844104588
2024-08-16,12,3558,12.230714216788458
2024-08-16,13,2818,12.96205703808848
2024-08-16,14,2716,13.896480688512517
2024-08-16,15,3235,14.491787413704277
2024-08-16,16,4063,13.754866769218147
2024-08-16,17,4214,13.878312130200918
2024-08-16,18,4237,14.867410073951694
2024-08-16,19,4752,14.679130025953985
2024-08-16,20,5775,14.292291344877345
2024-08-16,21,6507,14.274009574304594
2024-08-16,22,6218,14.583638485043423
2024-08-16,23,5291,14.884468837018838
2024-08-17,0,4443,14.640461790081776
2024-08-17,1,3525,15.099249120567375
2024-08-17,2,3242,14.945294504421138
2024-08-17,3,3059,14.877747864225782
2024-08-17,4,2441,13.658496292503074
2024-08-17,5,1753,15.776727524244153
2024-08-17,6,1231,15.459300040617384
2024-08-17,7,1046,15.20292319949012
2024-08-17,8,410,13.883170691056911
2024-08-17,9,310,13.841799516129031
2024-08-17,10,475,11.518020421052633
2024-08-17,11,836,11.716278628389155
2024-08-17,12,1489,12.506823774345198
2024-08-17,13,2302,13.089632486243847
2024-08-17,14,3130,14.905407838125665
2024-08-17,15,3707,14.927568950633935
2024-08-17,16,3986,14.296198206221778
2024-08-17,17,3692,14.728691377753702
2024-08-17,18,4417,15.601168949513243
2024-08-17,19,4775,16.060386764397904
2024-08-17,20,5005,14.821730855810856
2024-08-17,21,4411,13.952675946497394
2024-08-17,22,4118,14.93979303869192
2024-08-17,23,3863,15.427351829320907
2024-08-18,0,3159,14.803498638809748
2024-08-18,1,2754,13.801212618010167
2024-08-18,2,2509,14.970535080377308
2024-08-18,3,1998,13.570306840173506
2024-08-18,4,1600,13.061534885416666
2024-08-18,5,1325,14.164643572327043
2024-08-18,6,1066,16.119216479049406
2024-08-18,7,995,15.067295360134002
2024-08-18,8,452,14.837181895280235
2024-08-18,9,282,12.05350939716312
2024-08-18,10,379,11.158141952506597
2024-08-18,11,619,11.925619063004847
2024-08-18,12,1059,12.036163377400062
2024-08-18,13,1875,13.29857631111111
2024-08-18,14,2658,14.49361896789566
2024-08-18,15,3306,14.71577430429522
2024-08-18,16,3844,14.986042013527575
2024-08-18,17,4351,16.055687650348577
2024-08-18,18,4510,15.760738218773096
2024-08-18,19,4957,15.817059582408715
2024-08-18,20,5213,15.708100933563527
2024-08-18,21,4726,14.954576699816618
2024-08-18,22,4443,15.590610147047789
2024-08-18,23,3773,15.22848003798922
2024-08-19,0,2960,14.744292387387388
2024-08-19,1,2447,13.99975567361395
2024-08-19,2,1739,14.691161817136285
2024-08-19,3,1454,14.127026799633196
2024-08-19,4,740,12.113036531531531
2024-08-19,5,427,14.096041920374708
2024-08-19,6,247,17.629854588394064
2024-08-19,7,241,14.019676901798062
2024-08-19,8,141,13.273197635933807
2024-08-19,9,286,11.541495163170165
2024-08-19,10,844,10.626716864139022
2024-08-19,11,2200,12.267826954545455
2024-08-19,12,3772,11.946956534994698
2024-08-19,13,1953,11.352881404676568
2024-08-19,14,1594,10.874553251777499
2024-08-19,15,1137,10.33852698622105
2024-08-19,16,789,10.738633586818757
2024-08-19,17,708,10.063143102636534
2024-08-19,18,756,10.19162275132275
2024-08-19,19,1187,10.465343204156136
2024-08-19,20,2207,10.847608631626642
2024-08-19,21,1961,10.569938398776134
2024-08-19,22,1642,10.027611388550547
2024-08-19,23,1805,11.353312040627884
2024-08-20,0,1697,11.063565409546259
2024-08-20,1,1492,11.103340437890974
2024-08-20,2,764,9.790387718150088
2024-08-20,3,591,10.9008508178229
2024-08-20,4,434,9.752971543778802
2024-08-20,5,201,12.90426343283582
2024-08-20,6,158,13.057573734177215
2024-08-20,7,156,12.009134081196581
2024-08-20,8,98,11.028480102040817
2024-08-20,9,291,11.041808762886598
2024-08-20,10,941,10.963838717676232
2024-08-20,11,2529,12.547378641096612
2024-08-20,12,4574,12.692772744497887
2024-08-20,13,2790,12.473789408602151
2024-08-20,14,2206,13.340051730129948
2024-08-20,15,2540,13.7038868832021
2024-08-20,16,3091,13.116937738595922
2024-08-20,17,3000,13.391394527777777
2024-08-20,18,3004,13.896315102086108
2024-08-20,19,3734,14.159488015532942
2024-08-20,20,5396,14.057914776377563
2024-08-20,21,7332,13.60645178896163
2024-08-20,22,5366,12.675587423903591
2024-08-20,23,2234,10.958100022381378
2024-08-21,0,2061,11.709466116771793
2024-08-21,1,1914,12.210107061999304
2024-08-21,2,1630,12.204365347648261
2024-08-21,3,1126,12.096420233866192
2024-08-21,4,627,11.87293716108453
2024-08-21,5,280,14.584619821428571
2024-08-21,6,141,12.971800354609929
2024-08-21,7,115,15.022055942028985
2024-08-21,8,59,10.916319209039548
2024-08-21,9,176,9.624652840909091
2024-08-21,10,352,8.966227130681817
2024-08-21,11,814,9.598834295659296
2024-08-21,12,1491,9.946344097920857
2024-08-21,13,940,9.75367859929078
2024-08-21,14,713,9.561612178588126
2024-08-21,15,814,10.119581715806715
2024-08-21,16,911,10.079777222832053
2024-08-21,17,1137,10.102945133391968
2024-08-21,18,1315,10.790529911280101
2024-08-21,19,1515,11.02236206820682
2024-08-21,20,1915,11.162493472584856
2024-08-21,21,2320,11.003720625000001
2024-08-21,22,2155,11.143941113689095
2024-08-21,23,1668,10.958054086730616
2024-08-22,0,1234,10.320962722852512
2024-08-22,1,1296,11.75565429526749
2024-08-22,2,1293,11.908995630317092
2024-08-22,3,1058,11.666280923125393
2024-08-22,4,646,12.11514189886481
2024-08-22,5,407,14.236151965601964
2024-08-22,6,234,12.076786823361822
2024-08-22,7,147,12.270041836734693
2024-08-22,8,128,13.392229036458334
2024-08-22,9,291,11.208940721649485
2024-08-22,10,739,9.914208908434821
2024-08-22,11,2308,12.416648981802426
2024-08-22,12,4205,12.441212691240587
2024-08-22,13,2610,11.537896698595146
2024-08-22,14,2020,12.3213324009901
2024-08-22,15,2285,13.026219307075127
2024-08-22,16,2961,12.857236282787348
2024-08-22,17,2764,12.629392468644477
2024-08-22,18,2937,13.161639910339348
2024-08-22,19,3498,13.787966538021726
2024-08-22,20,5202,14.106279302832244
2024-08-22,21,7267,13.73908416586395
2024-08-22,22,6242,13.879773560824523
2024-08-22,23,4820,13.845999699170122
2024-08-23,0,3724,13.228973478338704
2024-08-23,1,2608,13.159374271472393
2024-08-23,2,2291,13.307617306852903
2024-08-23,3,1949,13.20082143834445
2024-08-23,4,1321,12.662656749936918
2024-08-23,5,770,14.147714675324675
2024-08-23,6,528,14.888936584595958
2024-08-23,7,379,14.065213940193491
2024-08-23,8,222,13.936588663663663
2024-08-23,9,363,13.212099311294766
2024-08-23,10,864,11.233538792438273
2024-08-23,11,2123,12.356217357512955
2024-08-23,12,3384,11.803586475571315
2024-08-23,13,2734,12.962603224823214
2024-08-23,14,2485,14.034348001341383
2024-08-23,15,3249,14.504238509284908
2024-08-23,16,4084,14.175204305419523
2024-08-23,17,4214,14.379800972947319
2024-08-23,18,4156,15.819630931183829
2024-08-23,19,4839,15.442739884273609
2024-08-23,20,5946,15.051592330978808
2024-08-23,21,6886,14.824354935134089
2024-08-23,22,6351,15.212590780979374
2024-08-23,23,5354,14.92476433196364
2024-08-24,0,4171,14.479766838487972
2024-08-24,1,3444,14.591098257839722
2024-08-24,2,3094,14.227701950010772
2024-08-24,3,2891,14.404131430877436
2024-08-24,4,2337,14.497972086720868
2024-08-24,5,1664,15.145498978365385
2024-08-24,6,1145,14.9812849636099
2024-08-24,7,940,16.218806418439716
2024-08-24,8,407,13.735960647010646
2024-08-24,9,325,12.250693435897436
2024-08-24,10,464,11.378953915229886
2024-08-24,11,902,12.3296625646711
2024-08-24,12,1553,13.53504161837304
2024-08-24,13,2387,13.952998994553832
2024-08-24,14,3220,15.419483612836439
2024-08-24,15,3855,15.207689092088197
2024-08-24,16,4383,16.26775169974903
2024-08-24,17,4680,17.12911689102564
2024-08-24,18,5386,17.310889181829435
2024-08-24,19,5509,17.011839810612933
2024-08-24,20,5719,16.842905470070527
2024-08-24,21,5286,16.664575387816875
2024-08-24,22,5196,16.270320618424428
2024-08-24,23,4675,16.492674024955438
2024-08-25,0,3854,16.38625331257568
2024-08-25,1,3431,15.998088948800156
2024-08-25,2,3029,15.583534219214263
2024-08-25,3,2773,15.24480451977401
2024-08-25,4,2194,14.604718915223335
2024-08-25,5,1616,14.794521514026403
2024-08-25,6,1166,15.336072598627787
2024-08-25,7,906,14.667077078734366
2024-08-25,8,325,14.070739025641025
2024-08-25,9,264,12.446734154040403
2024-08-25,10,359,12.544629294336119
2024-08-25,11,588,12.727129081632654
2024-08-25,12,1060,13.144170377358492
2024-08-25,13,1830,13.542968670309655
2024-08-25,14,2840,14.862220463615024
2024-08-25,15,3628,15.155682019478133
2024-08-25,16,3934,15.68143083375699
2024-08-25,17,4646,15.997126373941743
2024-08-25,18,5091,16.570949381261048
2024-08-25,19,5322,16.68473991920331
2024-08-25,20,5164,14.06964112445133
2024-08-25,21,2513,13.370505086881549
2024-08-25,22,3400,15.644386029411764
2024-08-25,23,3106,15.063205709379696
2024-08-26,0,2668,14.492135638430785
2024-08-26,1,2354,14.50733911781365
2024-08-26,2,2061,14.225787902312794
2024-08-26,3,1581,13.992844539321103
2024-08-26,4,875,13.740778476190476
2024-08-26,5,590,14.87934686440678
2024-08-26,6,313,13.233502396166136
2024-08-26,7,215,15.160643333333333
2024-08-26,8,167,12.849840918163673
2024-08-26,9,331,12.847643957703927
2024-08-26,10,903,11.4340449981543
2024-08-26,11,2734,13.315586308217506
2024-08-26,12,4237,12.785796526630477
2024-08-26,13,2533,12.86689718383998
2024-08-26,14,2310,13.800447886002887
2024-08-26,15,2860,14.355825297202797
2024-08-26,16,3423,13.18504722952576
2024-08-26,17,3422,13.720794725306838
2024-08-26,18,3453,14.721838068346365
2024-08-26,19,4252,14.884470696142992
2024-08-26,20,5985,14.548129081035922
2024-08-26,21,7752,14.483810831613345
2024-08-26,22,6487,14.417399583782952
2024-08-26,23,5108,14.549633356173322
2024-08-27,0,3975,13.94851594129979
2024-08-27,1,2793,13.6890402971715
2024-08-27,2,2101,13.792601015389497
2024-08-27,3,1555,12.372968617363343
2024-08-27,4,865,13.892397225433527
2024-08-27,5,442,13.762991214177978
2024-08-27,6,239,14.174562064156206
2024-08-27,7,149,14.351119015659958
2024-08-27,8,154,14.005996861471862
2024-08-27,9,325,12.55012364102564
2024-08-27,10,1106,11.942047438215791
2024-08-27,11,3260,13.476149800613497
2024-08-27,12,5345,13.505583810414718
2024-08-27,13,3090,13.322077588996764
2024-08-27,14,2521,13.968448538939573
2024-08-27,15,2922,14.156019906456766
2024-08-27,16,3599,12.964779026581457
2024-08-27,17,3419,13.884196797309155
2024-08-27,18,3536,14.418339253393667
2024-08-27,19,4323,14.260850574446756
2024-08-27,20,6269,14.098042186419951
2024-08-27,21,8167,14.48258172115424
2024-08-27,22,6629,13.85165198370795
2024-08-27,23,5134,13.996027522399688
2024-08-28,0,4076,13.656152776414785
2024-08-28,1,3099,13.424444707970313
2024-08-28,2,2069,12.188078862574512
2024-08-28,3,629,11.757272919978803
2024-08-28,4,479,10.69952512178149
2024-08-28,5,305,14.44770087431694
2024-08-28,6,188,13.042503812056738
2024-08-28,7,165,13.299575757575756
2024-08-28,8,118,13.830791242937854
2024-08-28,9,316,11.587604746835442
2024-08-28,10,950,11.338794298245615
2024-08-28,11,3178,12.656955580029368
2024-08-28,12,5024,12.919036030387474
2024-08-28,13,2917,11.856205627928237
2024-08-28,14,2400,13.095283652777777
2024-08-28,15,3091,13.031630896150112
2024-08-28,16,3544,13.493844920993228
2024-08-28,17,3416,13.681245106362217
2024-08-28,18,3578,14.987399487609466
2024-08-28,19,4645,14.21419672048798
2024-08-28,20,6455,14.219419876065064
2024-08-28,21,8123,14.20729668020846
2024-08-28,22,6753,14.028694938052224
2024-08-28,23,5056,13.503004268855484
2024-08-29,0,4093,13.142991998534082
2024-08-29,1,3020,12.79123827262693
2024-08-29,2,2518,12.86934149457241
2024-08-29,3,1711,12.535574634716541
2024-08-29,4,977,11.414340856363015
2024-08-29,5,483,11.963637819185644
2024-08-29,6,283,13.187867432273263
2024-08-29,7,251,12.495802656042498
2024-08-29,8,144,13.120810185185185
2024-08-29,9,357,11.845731979458451
2024-08-29,10,1026,11.625870906432747
2024-08-29,11,3367,12.981831437481437
2024-08-29,12,5259,12.882206401724028
2024-08-29,13,3083,12.55701395826576
2024-08-29,14,2516,12.631497370164283
2024-08-29,15,3123,13.98909437506671
2024-08-29,16,3761,13.17134712842329
2024-08-29,17,3545,13.578043864598024
2024-08-29,18,3681,14.467035606266414
2024-08-29,19,4604,14.367834535186795
2024-08-29,20,6474,14.660681701163627
2024-08-29,21,8354,14.492019172452318
2024-08-29,22,6902,14.654937390128465
2024-08-29,23,5297,13.97975225599396
2024-08-30,0,4239,13.435984182590234
2024-08-30,1,3241,13.53835024169495
2024-08-30,2,2803,13.979022178618147
2024-08-30,3,1989,13.041386877828055
2024-08-30,4,1075,11.973118899224806
2024-08-30,5,755,13.841904547461368
2024-08-30,6,468,13.901529736467236
2024-08-30,7,351,15.598960161443495
2024-08-30,8,184,12.543092028985507
2024-08-30,9,341,12.968486705767353
2024-08-30,10,882,10.967550207860922
2024-08-30,11,2656,12.211974887048193
2024-08-30,12,3784,12.071742389006342
2024-08-30,13,2827,12.942773611602405
2024-08-30,14,2733,13.698680631784363
2024-08-30,15,3470,13.54458951488953
2024-08-30,16,4249,13.507516062602967
2024-08-30,17,4364,13.730821245798962
2024-08-30,18,4367,14.121595034730174
2024-08-30,19,5221,14.532935274213116
2024-08-30,20,6125,14.11716302585034
2024-08-30,21,6741,14.21941324976512
2024-08-30,22,5885,14.75443214953271
2024-08-30,23,4816,14.70009648048173
2024-08-31,0,4029,13.714585716058576
2024-08-31,1,3383,14.477231860281803
2024-08-31,2,3022,14.156213826384292
2024-08-31,3,2917,14.29712245457662
2024-08-31,4,2246,13.590726914514692
2024-08-31,5,1659,14.943852853124373
2024-08-31,6,1255,15.595919853917662
2024-08-31,7,987,14.213653394123606
2024-08-31,8,420,15.049739563492066
2024-08-31,9,259,12.043551415701415
2024-08-31,10,408,10.64554411764706
2024-08-31,11,679,11.46462533136966
2024-08-31,12,1111,12.075191569156914
2024-08-31,13,1674,10.841982158502589
2024-08-31,14,2232,11.819891816009557
2024-08-31,15,2355,12.360620990799717
2024-08-31,16,2377,12.869927555742533
2024-08-31,17,2819,12.518028869575497
2024-08-31,18,1667,11.347350419916019
2024-08-31,19,1534,11.591355247718383
2024-08-31,20,1714,11.098308625048618
2024-08-31,21,1740,11.543078199233715
2024-08-31,22,2240,12.441820029761905
2024-08-31,23,1954,12.90882136642784
2024-09-01,0,1806,13.16012696566999
2024-09-01,1,1774,13.794183859451334
2024-09-01,2,1821,13.728901839648545
2024-09-01,3,1762,14.626289651910707
2024-09-01,4,1566,13.341982694763727
2024-09-01,5,1153,14.116583709164498
2024-09-01,6,882,14.731564380196524
2024-09-01,7,868,15.615399884792627
2024-09-01,8,365,15.12329593607306
2024-09-01,9,236,14.709625918079094
2024-09-01,10,355,10.752607605633802
2024-09-01,11,595,12.089341848739496
2024-09-01,12,1131,13.392763675213676
2024-09-01,13,2046,14.63182761485826
2024-09-01,14,3107,16.612915046668814
2024-09-01,15,3656,17.295348568563092
2024-09-01,16,4206,17.359321489142495
2024-09-01,17,4554,16.88891358512663
2024-09-01,18,3694,13.807020614510016
2024-09-01,19,1145,11.703726506550218
2024-09-01,20,1904,12.39957719712885
2024-09-01,21,3095,15.174670888529889
2024-09-01,22,3641,15.686783424883274
2024-09-01,23,3349,14.854731014233106
2024-09-02,0,2729,14.059519408818861
2024-09-02,1,2403,14.32047939381329
2024-09-02,2,2128,13.987326417606514
2024-09-02,3,1844,13.381506597975415
2024-09-02,4,1342,13.725847106308992
2024-09-02,5,1043,15.253643272611056
2024-09-02,6,725,13.712755264367816
2024-09-02,7,625,15.863150266666667
2024-09-02,8,261,14.360011621966795
2024-09-02,9,224,12.522497470238095
2024-09-02,10,313,10.53950372736954
2024-09-02,11,557,12.376386774386596
2024-09-02,12,1026,13.100326998050681
2024-09-02,13,1618,14.303374752781213
2024-09-02,14,2459,16.5486572319371
2024-09-02,15,3016,16.908256404730327
2024-09-02,16,3308,15.935921775493753
2024-09-02,17,3517,15.964189091081415
2024-09-02,18,3707,16.578921886520998
2024-09-02,19,4035,16.427260309789343
2024-09-02,20,4219,15.638476214742832
2024-09-02,21,4428,15.861770776874437
2024-09-02,22,4219,15.310380785336177
2024-09-02,23,3622,14.307725763850542
2024-09-03,0,2506,13.29111998536845
2024-09-03,1,2050,13.357558585365854
2024-09-03,2,1602,12.432960226799834
2024-09-03,3,1076,11.85351861833953
2024-09-03,4,549,10.903945264116576
2024-09-03,5,295,11.624894632768362
2024-09-03,6,139,13.828276258992807
2024-09-03,7,112,13.35215119047619
2024-09-03,8,110,13.042170757575757
2024-09-03,9,292,11.846873116438355
2024-09-03,10,926,11.099440136789056
2024-09-03,11,3380,13.559689457593688
2024-09-03,12,5531,13.021073256795034
2024-09-03,13,2888,12.832554466759003
2024-09-03,14,2395,13.295518420320112
2024-09-03,15,3098,13.489123741123306
2024-09-03,16,3526,13.2200581300813
2024-09-03,17,3414,13.16901300039055
2024-09-03,18,3524,13.772439117480134
2024-09-03,19,4473,13.853997935762724
2024-09-03,20,6374,14.512395031900429
2024-09-03,21,8392,14.212338302351446
2024-09-03,22,6588,13.603120512042096
2024-09-03,23,4819,13.241917773396972
2024-09-04,0,3494,13.266997915474144
2024-09-04,1,2646,13.206695874275637
2024-09-04,2,1961,13.249928293387727
2024-09-04,3,1343,12.90316237279722
2024-09-04,4,639,12.310024543557642
2024-09-04,5,288,14.384561458333334
2024-09-04,6,212,13.707740251572327
2024-09-04,7,149,13.119916331096197
2024-09-04,8,110,14.451011212121214
2024-09-04,9,335,12.282052288557216
2024-09-04,10,1012,11.475024324769434
2024-09-04,11,3624,13.61583583977189
2024-09-04,12,5678,13.285922733943877
2024-09-04,13,3097,12.635960278764395
2024-09-04,14,2444,13.462586790780142
2024-09-04,15,3210,13.316425607476635
2024-09-04,16,3717,13.347453497444175
2024-09-04,17,3476,13.374490573456079
2024-09-04,18,3550,13.428058122065726
2024-09-04,19,4562,14.51265428540114
2024-09-04,20,6436,14.571593261860368
2024-09-04,21,8532,14.06741975699328
2024-09-04,22,7026,13.882592257329918
2024-09-04,23,5240,13.541882414122137
2024-09-05,0,4041,13.096463160933764
2024-09-05,1,3113,13.48984063068851
2024-09-05,2,2277,13.342999128970868
2024-09-05,3,1590,13.463241310272535
2024-09-05,4,899,13.401830774935112
2024-09-05,5,474,14.135581926863571
2024-09-05,6,274,14.125526885644769
2024-09-05,7,150,13.213721777777778
2024-09-05,8,147,15.004850340136056
2024-09-05,9,342,12.794080945419104
2024-09-05,10,1031,11.660110459101196
2024-09-05,11,3518,13.352922479628576
2024-09-05,12,5805,13.2173849641114
2024-09-05,13,3246,12.668866178886836
2024-09-05,14,2474,12.915887712206953
2024-09-05,15,3127,13.25430790960452
2024-09-05,16,3712,12.937243408764367
2024-09-05,17,3695,13.445764230942716
2024-09-05,18,3691,15.046093750564436
2024-09-05,19,4638,14.18990539025442
2024-09-05,20,6715,14.09646614048151
2024-09-05,21,8391,14.330834417828626
2024-09-05,22,6907,14.157849056512717
2024-09-05,23,5444,14.136049262184669
2024-09-06,0,4187,13.232332668577342
2024-09-06,1,3462,13.64117182264587
2024-09-06,2,2821,13.155555825357437
2024-09-06,3,1901,12.754339163598106
2024-09-06,4,1298,12.685335451977402
2024-09-06,5,679,13.71405741286205
2024-09-06,6,426,13.66274593114241
2024-09-06,7,290,12.623756896551724
2024-09-06,8,126,11.844445238095238
2024-09-06,9,328,12.266679217479675
2024-09-06,10,958,11.50938935281837
2024-09-06,11,2860,12.567626357808857
2024-09-06,12,4383,12.038966533576698
2024-09-06,13,2890,12.12339126297578
2024-09-06,14,2707,13.174531313877601
2024-09-06,15,3424,13.069978689641745
2024-09-06,16,3966,12.861176113632544
2024-09-06,17,4050,13.213404855967077
2024-09-06,18,4151,13.760919525415561
2024-09-06,19,5170,14.34591170212766
2024-09-06,20,6355,14.316532252819304
2024-09-06,21,7329,14.258717735480056
2024-09-06,22,6600,14.575693818181819
2024-09-06,23,5371,14.068664004220196
2024-09-07,0,3952,13.683767345647775
2024-09-07,1,3338,14.176228370281606
2024-09-07,2,3349,14.13180735045287
2024-09-07,3,2994,13.66804994433311
2024-09-07,4,2302,13.339171886765131
2024-09-07,5,1827,14.734406796205072
2024-09-07,6,1307,14.477358110175977
2024-09-07,7,1015,14.306625763546798
2024-09-07,8,424,14.360780110062892
2024-09-07,9,249,12.650751472556893
2024-09-07,10,406,11.67779634646962
2024-09-07,11,803,11.332696845163968
2024-09-07,12,1473,12.657356483367279
2024-09-07,13,2241,13.706293313996728
2024-09-07,14,3208,13.83899469035744
2024-09-07,15,3957,14.185719602392385
2024-09-07,16,4165,13.540362324929971
2024-09-07,17,4176,12.884054909003831
2024-09-07,18,2847,10.887475845919681
2024-09-07,19,1217,10.49335384826075
2024-09-07,20,1010,9.83125018151815
2024-09-07,21,1100,10.51627343939394
2024-09-07,22,904,10.301896533923305
2024-09-07,23,849,10.471641067923047
2024-09-08,0,684,10.264649658869395
2024-09-08,1,1071,11.780239869281045
2024-09-08,2,1302,12.327369137224782
2024-09-08,3,1412,11.78425475684608
2024-09-08,4,1188,11.531437177328844
2024-09-08,5,981,11.44402047230717
2024-09-08,6,760,12.83273831140351
2024-09-08,7,640,12.308913385416666
2024-09-08,8,226,11.302138864306785
2024-09-08,9,179,10.700263221601489
2024-09-08,10,262,9.504368893129772
2024-09-08,11,494,10.359542746288799
2024-09-08,12,909,10.739281059772646
2024-09-08,13,1595,11.903040804597701
2024-09-08,14,2200,11.854680484848485
2024-09-08,15,2630,13.15505514575412
2024-09-08,16,3000,12.23865
2024-09-08,17,3182,12.493718819400794
2024-09-08,18,3275,12.885944722646311
2024-09-08,19,3476,12.385341369390103
2024-09-08,20,3735,12.175861253904507
2024-09-08,21,3521,12.070004525229576
2024-09-08,22,2799,12.003736179587948
2024-09-08,23,2206,11.407647952553644
2024-09-09,0,1674,11.326535563520508
2024-09-09,1,1488,11.97171715949821
2024-09-09,2,1221,11.130918441168442
2024-09-09,3,876,10.213147298325724
2024-09-09,4,471,10.058395187544233
2024-09-09,5,262,12.176543893129772
2024-09-09,6,141,11.405572222222222
2024-09-09,7,113,16.188332890855456
2024-09-09,8,81,11.991273251028804
2024-09-09,9,278,10.622817805755394
2024-09-09,10,815,11.106770184049081
2024-09-09,11,2861,12.87701192473494
2024-09-09,12,4699,12.626310278782721
2024-09-09,13,2681,11.977570359318662
2024-09-09,14,2112,13.108966895517677
2024-09-09,15,2679,12.935695309194973
2024-09-09,16,3342,12.665747551366447
2024-09-09,17,3170,13.233430031545742
2024-09-09,18,3331,13.552838607024919
2024-09-09,19,4198,14.205784635540734
2024-09-09,20,5727,13.791551076770853
2024-09-09,21,7860,13.829433806191687
2024-09-09,22,6128,13.471459899912968
2024-09-09,23,4624,12.432785686995386
2024-09-10,0,3320,12.483153483935745
2024-09-10,1,2521,12.771442939309798
2024-09-10,2,1701,12.04148383303939
2024-09-10,3,1103,11.827696569960713
2024-09-10,4,530,12.081680188679245
2024-09-10,5,242,13.044799311294767
2024-09-10,6,138,12.548839855072464
2024-09-10,7,105,10.717598412698411
2024-09-10,8,87,12.044197701149425
2024-09-10,9,316,12.22104256329114
2024-09-10,10,969,11.288291864465085
2024-09-10,11,3500,13.129129166666665
2024-09-10,12,5719,12.869294221017661
2024-09-10,13,3042,11.98499321718168
2024-09-10,14,2192,13.007692335766423
2024-09-10,15,2780,12.716554730215826
2024-09-10,16,3380,12.941517159763311
2024-09-10,17,3260,12.678290153374233
2024-09-10,18,3280,13.889436976626016
2024-09-10,19,4128,14.01927988129845
2024-09-10,20,6130,14.010153773790105
2024-09-10,21,8271,13.84566513319631
2024-09-10,22,6469,13.45005479466172
2024-09-10,23,4644,13.116534535601494
2024-09-11,0,3658,12.772003863677783
2024-09-11,1,2799,12.552024234845778
2024-09-11,2,1975,12.541523932489453
2024-09-11,3,1355,11.852943468634686
2024-09-11,4,733,12.361958162801272
2024-09-11,5,346,13.082502552986512
2024-09-11,6,185,12.914792252252253
2024-09-11,7,153,11.467853159041395
2024-09-11,8,105,13.484006349206348
2024-09-11,9,332,11.370329969879517
2024-09-11,10,1028,11.296159678988328
2024-09-11,11,3414,13.332555516500685
2024-09-11,12,5629,12.859549718718542
2024-09-11,13,3142,12.177306598769361
2024-09-11,14,2370,13.209817510548522
2024-09-11,15,3041,13.48121963718075
2024-09-11,16,3679,12.795061687958686
2024-09-11,17,3493,12.659731601297834
2024-09-11,18,3374,13.222878961667655
2024-09-11,19,4252,13.996120186578864
2024-09-11,20,6296,14.047797630770859
2024-09-11,21,8413,13.91487781211617
2024-09-11,22,6556,13.615733536709376
2024-09-11,23,5085,13.315184398557848
2024-09-12,0,3906,13.004799091141834
2024-09-12,1,3269,13.085944850616908
2024-09-12,2,2351,13.118021203743089
2024-09-12,3,1660,12.490456375502008
2024-09-12,4,927,11.972143923049263
2024-09-12,5,511,13.704601532941943
2024-09-12,6,269,14.354953035935564
2024-09-12,7,220,14.13247840909091
2024-09-12,8,144,14.234398263888888
2024-09-12,9,328,11.896636737804878
2024-09-12,10,1016,11.49567690288714
2024-09-12,11,3246,13.10868389299651
2024-09-12,12,5679,12.583353947291188
2024-09-12,13,3114,12.046902269321345
2024-09-12,14,2268,12.347853292181071
2024-09-12,15,2930,12.683489749715587
2024-09-12,16,3471,12.310749875156056
2024-09-12,17,3319,12.560697313447827
2024-09-12,18,3364,13.463284081450652
2024-09-12,19,4307,14.024869863013699
2024-09-12,20,6212,13.77086815572011
2024-09-12,21,8131,14.190002650350511
2024-09-12,22,6720,14.051417428075395
2024-09-12,23,5256,13.508941685692541
2024-09-13,0,3984,12.930171138721553
2024-09-13,1,3276,13.287514794464794
2024-09-13,2,2686,13.265417063787542
2024-09-13,3,2010,12.53043788557214
2024-09-13,4,1188,12.962104194725029
2024-09-13,5,715,13.148431212121213
2024-09-13,6,483,13.8776966873706
2024-09-13,7,360,13.33933398148148
2024-09-13,8,153,12.777590305010893
2024-09-13,9,308,12.294493939393938
2024-09-13,10,901,10.888206363300037
2024-09-13,11,2737,12.451444775301425
2024-09-13,12,4217,11.977661101889177
2024-09-13,13,2872,11.96322262650882
2024-09-13,14,2596,12.350690742167437
2024-09-13,15,3294,12.891053860554543
2024-09-13,16,4063,12.67604819099188
2024-09-13,17,3911,12.622004649279809
2024-09-13,18,4076,13.292220481681387
2024-09-13,19,5010,14.032085199600797
2024-09-13,20,6230,13.854223274478331
2024-09-13,21,7238,14.019910799484204
2024-09-13,22,6412,14.360561598045333
2024-09-13,23,4457,14.390975054221823
2024-09-14,0,2915,13.56891403659234
2024-09-14,1,3571,14.555620909175767
2024-09-14,2,3183,14.185437799769609
2024-09-14,3,2956,13.804662201172757
2024-09-14,4,2653,13.991046953134815
2024-09-14,5,1987,14.672963185707097
2024-09-14,6,1350,15.434590333333334
2024-09-14,7,1020,14.95747320261438
2024-09-14,8,449,14.015483184855235
2024-09-14,9,298,13.791074720357942
2024-09-14,10,441,11.875875094482236
2024-09-14,11,815,12.48031881390593
2024-09-14,12,1649,12.26490632706691
2024-09-14,13,2467,13.826989244696662
2024-09-14,14,3142,14.288314592616167
2024-09-14,15,3618,15.709091615994103
2024-09-14,16,4359,15.468642536514492
2024-09-14,17,4896,16.07470967456427
2024-09-14,18,4996,16.37545214171337
2024-09-14,19,5297,16.223210543703985
2024-09-14,20,5688,15.87666615096109
2024-09-14,21,5443,15.774058852348583
2024-09-14,22,5421,15.479299043841849
2024-09-14,23,4686,15.371814404609475
2024-09-15,0,3634,14.890939735828288
2024-09-15,1,3186,14.318418774848295
2024-09-15,2,3027,14.896288663142824
2024-09-15,3,2606,13.97407365694551
2024-09-15,4,1983,14.104449260379896
2024-09-15,5,1593,14.119054153588618
2024-09-15,6,1434,15.216186285448629
2024-09-15,7,946,14.88353747357294
2024-09-15,8,420,13.693105158730159
2024-09-15,9,277,13.175484777376655
2024-09-15,10,360,11.132411342592592
2024-09-15,11,620,11.893183333333333
2024-09-15,12,1324,12.269711266364553
2024-09-15,13,2329,14.28466890654072
2024-09-15,14,3167,15.091656967687612
2024-09-15,15,3946,16.270559482176044
2024-09-15,16,4476,15.646437131367293
2024-09-15,17,4642,16.955117564268274
2024-09-15,18,5097,16.868146043424236
2024-09-15,19,5249,16.29619404966025
2024-09-15,20,6027,16.053301393728223
2024-09-15,21,5178,15.954738721514099
2024-09-15,22,4784,15.620024745680045
2024-09-15,23,3828,14.623116718913272
2024-09-16,0,2760,14.135484118357487
2024-09-16,1,2372,14.610390078695895
2024-09-16,2,1863,12.990353363750225
2024-09-16,3,1292,12.917706875644992
2024-09-16,4,763,12.222445980777632
2024-09-16,5,380,14.451778464912282
2024-09-16,6,221,12.621066214177977
2024-09-16,7,194,15.824608762886598
2024-09-16,8,123,14.419836991869918
2024-09-16,9,348,12.168261542145592
2024-09-16,10,971,11.802541537933402
2024-09-16,11,3155,13.25188648177496
2024-09-16,12,4851,12.598094733044734
2024-09-16,13,2900,12.209888201149425
2024-09-16,14,2345,12.949300376687988
2024-09-16,15,2958,12.844836150552174
2024-09-16,16,3482,12.541638799540495
2024-09-16,17,3312,12.689096296296297
2024-09-16,18,3512,13.478264545368262
2024-09-16,19,4253,13.87081694882044
2024-09-16,20,6130,13.719703567156062
2024-09-16,21,8239,13.736887425658454
2024-09-16,22,6132,13.687572442378778
2024-09-16,23,4902,13.4980865123079
2024-09-17,0,3599,12.746806863017504
2024-09-17,1,2832,13.393108415725047
2024-09-17,2,1902,12.63385877146863
2024-09-17,3,1397,12.895038212837033
2024-09-17,4,677,13.440126341703593
2024-09-17,5,345,14.495521739130435
2024-09-17,6,172,15.605835465116279
2024-09-17,7,148,15.889344256756756
2024-09-17,8,99,15.754790909090909
2024-09-17,9,345,11.676021062801933
2024-09-17,10,1108,11.832808288206978
2024-09-17,11,3756,13.167817824813632
2024-09-17,12,5992,13.152773684356923
2024-09-17,13,3549,12.78234307316615
2024-09-17,14,2246,13.194816889284654
2024-09-17,15,3044,12.941351018396846
2024-09-17,16,3311,12.86216158763717
2024-09-17,17,3314,12.808707991349829
2024-09-17,18,3312,13.127653084742352
2024-09-17,19,4305,13.73061171118854
2024-09-17,20,6216,13.926710186078937
2024-09-17,21,8759,14.200740994025193
2024-09-17,22,6951,13.744466426893013
2024-09-17,23,5330,13.420531816760477
2024-09-18,0,3920,13.408446994047619
2024-09-18,1,3270,13.620594342507646
2024-09-18,2,2383,13.224321632396139
2024-09-18,3,1612,13.651018527708851
2024-09-18,4,868,13.199232200460829
2024-09-18,5,428,13.816876168224297
2024-09-18,6,212,16.445280974842767
2024-09-18,7,148,13.534773648648647
2024-09-18,8,106,12.931962421383648
2024-09-18,9,324,13.447122633744856
2024-09-18,10,1090,12.125387660550459
2024-09-18,11,3599,13.363279744373438
2024-09-18,12,5835,12.738226529562983
2024-09-18,13,3656,12.47188034737418
2024-09-18,14,2439,12.868181132977996
2024-09-18,15,3057,12.96550537018864
2024-09-18,16,3483,12.87116247009283
2024-09-18,17,3314,12.857477333534499
2024-09-18,18,3355,13.38906038251366
2024-09-18,19,4262,13.323436817613015
2024-09-18,20,6408,13.98455641905951
2024-09-18,21,8631,14.274972141119223
2024-09-18,22,7008,14.117487744958144
2024-09-18,23,5434,13.455053165255796
2024-09-19,0,4212,13.560955341880343
2024-09-19,1,3342,13.347629737682027
2024-09-19,2,2520,13.63608287037037
2024-09-19,3,1586,13.022868232450609
2024-09-19,4,828,12.51502459742351
2024-09-19,5,477,15.32064252271139
2024-09-19,6,330,14.26241196969697
2024-09-19,7,199,16.9442594639866
2024-09-19,8,140,14.487037261904762
2024-09-19,9,360,12.621845092592594
2024-09-19,10,1067,11.579850999687597
2024-09-19,11,3502,12.958712235865221
2024-09-19,12,5846,12.427869084274146
2024-09-19,13,3187,11.820917215772408
2024-09-19,14,2405,12.390608801108801
2024-09-19,15,3142,12.692308884998939
2024-09-19,16,4029,13.023825246132208
2024-09-19,17,3494,12.85816800228964
2024-09-19,18,3510,13.401939781576448
2024-09-19,19,4235,13.421818709169619
2024-09-19,20,6119,13.916019235169145
2024-09-19,21,8092,13.855577469517218
2024-09-19,22,6618,13.973187294751687
2024-09-19,23,5214,13.839605120828539
2024-09-20,0,4208,13.332795457065906
2024-09-20,1,3378,13.413325296033154
2024-09-20,2,2779,13.415637507496701
2024-09-20,3,1842,12.543384020991676
2024-09-20,4,1171,12.037773498434387
2024-09-20,5,768,13.14170705295139
2024-09-20,6,479,13.801091196938065
2024-09-20,7,315,14.06291888888889
2024-09-20,8,155,13.16021494623656
2024-09-20,9,321,11.645890706126686
2024-09-20,10,865,10.892297341040463
2024-09-20,11,2587,12.214751075892282
2024-09-20,12,4269,12.110110099945343
2024-09-20,13,2944,11.946419021739132
2024-09-20,14,2673,13.417361478987406
2024-09-20,15,3485,13.259765968436154
2024-09-20,16,4092,13.271306691919191
2024-09-20,17,4145,13.303989441093687
2024-09-20,18,4227,14.128029039507926
2024-09-20,19,5064,14.206249986835177
2024-09-20,20,6324,14.259115127556399
2024-09-20,21,7268,14.377637873784627
2024-09-20,22,6416,14.355877828865337
2024-09-20,23,5276,13.768708674500884
2024-09-21,0,3978,13.542403041729512
2024-09-21,1,3182,13.357955164466793
2024-09-21,2,2969,13.447776580217807
2024-09-21,3,2754,13.068226694504961
2024-09-21,4,2238,12.828241182603515
2024-09-21,5,1591,14.475334579928766
2024-09-21,6,1227,13.871757090464547
2024-09-21,7,894,14.71713818046234
2024-09-21,8,336,13.527892361111112
2024-09-21,9,221,12.235822096530919
2024-09-21,10,408,11.945077982026145
2024-09-21,11,976,12.363345765027322
2024-09-21,12,1746,13.236675840015275
2024-09-21,13,2609,14.133954452536093
2024-09-21,14,3128,14.822971057118501
2024-09-21,15,3907,15.174156185479053
2024-09-21,16,4241,15.174986897744242
2024-09-21,17,4605,15.645262609482446
2024-09-21,18,4973,15.807888159394059
2024-09-21,19,5168,16.16489166989164
2024-09-21,20,5461,15.344049548312276
2024-09-21,21,5505,15.179971223130488
2024-09-21,22,5169,15.030581008576775
2024-09-21,23,4210,14.689601773555026
2024-09-22,0,3218,13.905042785373938
2024-09-22,1,2797,13.76628935168633
2024-09-22,2,2508,13.575135891812867
2024-09-22,3,2388,13.244343069514239
2024-09-22,4,1839,12.49223370491209
2024-09-22,5,1487,13.250832840170364
2024-09-22,6,1114,13.768089736684619
2024-09-22,7,887,15.081811161217589
2024-09-22,8,369,12.740931120144536
2024-09-22,9,267,11.912374656679152
2024-09-22,10,855,10.074027368421051
2024-09-22,11,760,13.386260263157894
2024-09-22,12,1853,15.842984538586077
2024-09-22,13,3063,19.40315097399064
2024-09-22,14,3478,17.495503028560478
2024-09-22,15,4469,17.9605745431491
2024-09-22,16,4776,16.145165549972084
2024-09-22,17,4903,15.763738275885514
2024-09-22,18,5064,15.96243441284887
2024-09-22,19,5129,15.845255683369077
2024-09-22,20,5237,14.749210798166892
2024-09-22,21,4888,14.810408902755047
2024-09-22,22,4442,14.454511909049977
2024-09-22,23,3231,13.659968446301455
2024-09-23,0,2387,13.540513636363636
2024-09-23,1,2161,13.465902953879377
2024-09-23,2,1664,12.614393960336539
2024-09-23,3,1161,12.829143051966694
2024-09-23,4,657,12.519787772704213
2024-09-23,5,346,15.136652408477842
2024-09-23,6,205,11.907140894308943
2024-09-23,7,141,12.735795271867612
2024-09-23,8,90,11.376732777777779
2024-09-23,9,306,12.031968627450981
2024-09-23,10,795,11.033565450733752
2024-09-23,11,2752,12.977942950581395
2024-09-23,12,4517,12.208880772636705
2024-09-23,13,1894,10.364507118972194
2024-09-23,14,1168,9.961527283105024
2024-09-23,15,1250,10.42254284
2024-09-23,16,1051,9.86201939422772
2024-09-23,17,1488,10.989832045250894
2024-09-23,18,1775,11.144222450704225
2024-09-23,19,2783,11.681826835549167
2024-09-23,20,4369,12.269571004043641
2024-09-23,21,6334,12.484260640985159
2024-09-23,22,4903,11.647782905024135
2024-09-23,23,3651,11.542134670866428
2024-09-24,0,2807,11.801049988124927
2024-09-24,1,2235,12.083197293064877
2024-09-24,2,1546,12.68360846269944
2024-09-24,3,877,12.297707753705813
2024-09-24,4,498,12.07053249665328
2024-09-24,5,221,12.360794494720967
2024-09-24,6,115,14.354497246376813
2024-09-24,7,93,14.145450896057348
2024-09-24,8,80,12.186118958333333
2024-09-24,9,323,11.808329360165118
2024-09-24,10,979,11.481279605039157
2024-09-24,11,3476,12.846899208860759
2024-09-24,12,5810,12.706016187607574
2024-09-24,13,3113,11.828081175714745
2024-09-24,14,2350,13.76235489361702
2024-09-24,15,2856,13.070423167600373
2024-09-24,16,3460,13.098099855491329
2024-09-24,17,3304,12.671110295601292
2024-09-24,18,3377,13.708786077386241
2024-09-24,19,4169,13.520703861837372
2024-09-24,20,6086,13.812675473764923
2024-09-24,21,8125,13.455544457435899
2024-09-24,22,6250,12.649619461333332
2024-09-24,23,4347,12.489681400966186
2024-09-25,0,3318,12.361740059272654
2024-09-25,1,2887,12.543644365546703
2024-09-25,2,1993,12.463542088978091
2024-09-25,3,1267,12.119293764798737
2024-09-25,4,682,12.395232502443795
2024-09-25,5,328,12.188647256097562
2024-09-25,6,136,12.961201960784315
2024-09-25,7,103,12.132362944983818
2024-09-25,8,101,12.050138943894389
2024-09-25,9,322,12.375717339544513
2024-09-25,10,828,10.154121155394524
2024-09-25,11,2424,11.93520050880088
2024-09-25,12,4479,11.502913827491255
2024-09-25,13,2532,10.496889803844129
2024-09-25,14,1879,10.893761885754833
2024-09-25,15,2458,11.001248677786819
2024-09-25,16,2933,11.041404653937947
2024-09-25,17,2737,10.998221184995737
2024-09-25,18,2767,12.127607137694254
2024-09-25,19,3345,11.80451581963129
2024-09-25,20,4829,12.290999392558845
2024-09-25,21,6258,11.957255347821455
2024-09-25,22,4907,11.57064624685823
2024-09-25,23,3563,11.270063860043035
2024-09-26,0,2782,11.194044572250181
2024-09-26,1,2201,10.689144684234439
2024-09-26,2,712,9.91835379213483
2024-09-26,3,735,10.010712630385488
2024-09-26,4,447,10.656164988814316
2024-09-26,5,240,11.957641875
2024-09-26,6,141,11.687310165484634
2024-09-26,7,122,10.644993715846994
2024-09-26,8,53,10.839633647798742
2024-09-26,9,145,10.277225517241378
2024-09-26,10,578,10.276971943483275
2024-09-26,11,2260,11.755636651917404
2024-09-26,12,3066,10.943675538160472
2024-09-26,13,1316,9.959052469604863
2024-09-26,14,1095,10.143059984779299
2024-09-26,15,2050,11.069139837398374
2024-09-26,16,2802,10.999336259814418
2024-09-26,17,3043,12.147013046335854
2024-09-26,18,3119,12.7180039863204
2024-09-26,19,3969,13.244674708154868
2024-09-26,20,5926,13.649144847564406
2024-09-26,21,7748,13.422550671140938
2024-09-26,22,6219,13.38642857104572
2024-09-26,23,4723,12.820721585856447
2024-09-27,0,3567,12.705676156433977
2024-09-27,1,3036,12.594696272507687
2024-09-27,2,2599,12.846981755803512
2024-09-27,3,1779,12.443181946786584
2024-09-27,4,1253,11.932491487097632
2024-09-27,5,766,14.036231462140993
2024-09-27,6,484,13.104030096418732
2024-09-27,7,373,12.87729468275246
2024-09-27,8,145,11.577174827586207
2024-09-27,9,294,11.677707256235827
2024-09-27,10,838,11.022417442322991
2024-09-27,11,2453,11.755958092132083
2024-09-27,12,3913,11.925349442030837
2024-09-27,13,2884,11.77465694059177
2024-09-27,14,2334,12.42038084832905
2024-09-27,15,3065,11.981760511147362
2024-09-27,16,3710,12.128766361185983
2024-09-27,17,3833,12.32499007304983
2024-09-27,18,3940,13.429162178510998
2024-09-27,19,4685,13.449534172892209
2024-09-27,20,5842,13.702647652059799
2024-09-27,21,6940,13.826175751681077
2024-09-27,22,6116,13.633194034772181
2024-09-27,23,4763,13.446432871439567
2024-09-28,0,3700,12.864703175675677
2024-09-28,1,3186,13.480481842435655
2024-09-28,2,2956,13.10053495151105
2024-09-28,3,2672,12.735953549151695
2024-09-28,4,2070,12.404359315619967
2024-09-28,5,1747,14.575590564777714
2024-09-28,6,1218,13.834116995073892
2024-09-28,7,956,14.53702599372385
2024-09-28,8,426,12.73468427230047
2024-09-28,9,250,11.1498906
2024-09-28,10,393,11.78852824427481
2024-09-28,11,785,10.906638110403398
2024-09-28,12,1392,11.77926537356322
2024-09-28,13,2229,12.053885770898761
2024-09-28,14,2763,13.316326124984922
2024-09-28,15,3510,14.380356172839507
2024-09-28,16,3916,14.460633993020089
2024-09-28,17,4436,14.98830632702134
2024-09-28,18,4659,15.809234342133506
2024-09-28,19,5063,15.803050608993349
2024-09-28,20,5484,15.57492454108923
2024-09-28,21,5234,15.17659915615845
2024-09-28,22,4983,14.509089641447586
2024-09-28,23,3866,14.199252862562512
2024-09-29,0,3084,14.102758727842627
2024-09-29,1,2683,14.102638054416698
2024-09-29,2,2697,13.829950000000002
2024-09-29,3,2415,13.836658654244307
2024-09-29,4,2033,13.532507476635514
2024-09-29,5,1542,13.524823908344143
2024-09-29,6,1087,14.848174210364919
2024-09-29,7,936,14.424930413105415
2024-09-29,8,362,12.445152440147332
2024-09-29,9,281,12.327707295373665
2024-09-29,10,315,10.92969222222222
2024-09-29,11,634,11.095231572029443
2024-09-29,12,1053,11.960143795504907
2024-09-29,13,1765,12.065365193578847
2024-09-29,14,2411,13.047966708143232
2024-09-29,15,2931,13.671358575002841
2024-09-29,16,3397,14.875373427534097
2024-09-29,17,3914,15.846916700732413
2024-09-29,18,4601,16.12217144099109
2024-09-29,19,4796,16.116004604531554
2024-09-29,20,5244,15.189902904907195
2024-09-29,21,4839,15.350414128263415
2024-09-29,22,4326,14.522845091693636
2024-09-29,23,3189,13.359712908957876
2024-09-30,0,2343,13.208724555413289
2024-09-30,1,1976,13.73324882759784
2024-09-30,2,1592,12.89547311557789
2024-09-30,3,1150,12.630854115942029
2024-09-30,4,630,11.329123306878307
2024-09-30,5,355,13.251882394366197
2024-09-30,6,228,13.238075219298246
2024-09-30,7,163,11.675182106339468
2024-09-30,8,109,13.41465259938838
2024-09-30,9,272,11.140849999999999
2024-09-30,10,766,10.870160530896433
2024-09-30,11,2577,12.444342581813476
2024-09-30,12,4312,12.012071645021646
2024-09-30,13,2622,11.758591444190184
2024-09-30,14,2336,12.658292686929226
2024-09-30,15,2955,13.614297236322615
2024-09-30,16,3461,12.941657074063372
2024-09-30,17,3394,13.357284138676095
2024-09-30,18,3642,14.106598192385137
2024-09-30,19,4446,14.231180248163144
2024-09-30,20,5854,13.761046278897618
2024-09-30,21,7389,13.777739890377587
2024-09-30,22,5654,12.968836048225446
2024-09-30,23,4168,12.130816674664107
2024-10-01,0,2985,11.964400932439977
2024-10-01,1,2393,12.19397399359242
2024-10-01,2,1685,12.69930377843719
2024-10-01,3,1041,11.669544092219022
2024-10-01,4,550,11.743407848484848
2024-10-01,5,231,12.172335137085136
2024-10-01,6,125,13.182960266666667
2024-10-01,7,106,12.050755974842767
2024-10-01,8,84,13.31615892857143
2024-10-01,9,323,11.783948658410733
2024-10-01,10,960,10.741921458333334
2024-10-01,11,3309,13.169652800443234
2024-10-01,12,5606,12.297486758235225
2024-10-01,13,2937,11.64452313585291
2024-10-01,14,2089,12.91776190362215
2024-10-01,15,2767,12.210378845922177
2024-10-01,16,3246,12.454773018073526
2024-10-01,17,3119,12.220336966976594
2024-10-01,18,2987,12.848997098538108
2024-10-01,19,3954,13.358073853481706
2024-10-01,20,5899,13.71518121715545
2024-10-01,21,8091,13.34528244139579
2024-10-01,22,6229,12.796006071065445
2024-10-01,23,4191,12.071664956653146
2024-10-02,0,3327,12.168088062318406
2024-10-02,1,2720,12.486223345588234
2024-10-02,2,2006,11.75530412927883
2024-10-02,3,1117,12.170754535959414
2024-10-02,4,576,12.032514207175925
2024-10-02,5,309,12.509146494066881
2024-10-02,6,174,12.228724425287355
2024-10-02,7,106,10.9305820754717
2024-10-02,8,93,14.621678136200716
2024-10-02,9,281,11.793993475682086
2024-10-02,10,910,11.126200274725273
2024-10-02,11,3154,12.755593426336926
2024-10-02,12,5332,12.182532004876217
2024-10-02,13,2815,11.26990241563055
2024-10-02,14,2131,11.772004285937745
2024-10-02,15,2801,11.696028239914318
2024-10-02,16,3289,11.56349681767508
2024-10-02,17,2939,11.38863412725417
2024-10-02,18,2803,11.569879414912592
2024-10-02,19,2802,10.838360153461812
2024-10-02,20,3015,11.039434051962411
2024-10-02,21,4462,11.49580609965636
2024-10-02,22,3023,10.705699079281068
2024-10-02,23,2754,11.357948638344226
2024-10-03,0,2553,11.357161907559732
2024-10-03,1,2126,10.988166157102539
2024-10-03,2,1639,11.173386567012408
2024-10-03,3,1154,11.3414033073368
2024-10-03,4,624,11.25071295405983
2024-10-03,5,339,12.163340806293018
2024-10-03,6,196,12.369342857142858
2024-10-03,7,151,11.554236754966887
2024-10-03,8,110,15.76667287878788
2024-10-03,9,357,12.523272642390289
2024-10-03,10,965,11.629890431778929
2024-10-03,11,3019,12.836531881417688
2024-10-03,12,5303,12.472582387327927
2024-10-03,13,3079,12.06492823968821
2024-10-03,14,2273,12.927207647748936
2024-10-03,15,2889,12.628086569747317
2024-10-03,16,3516,12.6850673729617
2024-10-03,17,3368,12.563465172209025
2024-10-03,18,3431,13.351698634994657
2024-10-03,19,4303,13.569100941203812
2024-10-03,20,6068,13.64251707866403
2024-10-03,21,7885,13.365563033185373
2024-10-03,22,6218,13.113393344590973
2024-10-03,23,4672,12.473781000285388
2024-10-04,0,3626,12.150866910277625
2024-10-04,1,2914,12.487180776710137
2024-10-04,2,2448,12.461350136165578
2024-10-04,3,1771,11.948536457745154
2024-10-04,4,1118,12.000651952892069
2024-10-04,5,616,12.384669994588744
2024-10-04,6,383,13.368770713664055
2024-10-04,7,255,13.239309150326797
2024-10-04,8,135,13.719833456790123
2024-10-04,9,273,11.619163125763125
2024-10-04,10,781,10.909682799829277
2024-10-04,11,2492,11.981096147672552
2024-10-04,12,3991,11.913553779336842
2024-10-04,13,2739,12.031466739686016
2024-10-04,14,2489,12.464555705102452
2024-10-04,15,3280,12.695401880081302
2024-10-04,16,3944,12.555800811359026
2024-10-04,17,3866,12.471679065356096
2024-10-04,18,3944,13.657273056118997
2024-10-04,19,4865,13.859181462829737
2024-10-04,20,6027,13.613778286599192
2024-10-04,21,6871,13.584452653665162
2024-10-04,22,5927,13.76833861987515
2024-10-04,23,4604,13.231227548508544
2024-10-05,0,3580,12.816246359404097
2024-10-05,1,2489,11.838985335476094
2024-10-05,2,2095,12.333702490055689
2024-10-05,3,2379,12.993201562281069
2024-10-05,4,2065,13.040983930589183
2024-10-05,5,1598,14.308051001251565
2024-10-05,6,1039,14.538443230670516
2024-10-05,7,807,13.271226889714994
2024-10-05,8,343,13.166038581146744
2024-10-05,9,233,12.399677896995708
2024-10-05,10,425,11.743371019607844
2024-10-05,11,850,11.662894235294118
2024-10-05,12,1584,11.700379661195287
2024-10-05,13,2460,12.400579356368565
2024-10-05,14,2970,13.984115134680135
2024-10-05,15,3607,14.499007416135292
2024-10-05,16,4174,15.124867764734068
2024-10-05,17,4533,15.461922516361497
2024-10-05,18,4859,16.44998855731632
2024-10-05,19,4994,15.74292655519957
2024-10-05,20,5288,15.332444367750881
2024-10-05,21,5124,15.083132321753837
2024-10-05,22,4522,14.777125232198143
2024-10-05,23,3506,13.326301906255942
2024-10-06,0,2800,12.89269400595238
2024-10-06,1,2271,13.355019895787466
2024-10-06,2,2222,13.245838583858385
2024-10-06,3,2219,12.024326040258376
2024-10-06,4,1738,12.202101649405448
2024-10-06,5,1384,12.80034376204239
2024-10-06,6,986,13.47778708586883
2024-10-06,7,805,13.671048612836438
2024-10-06,8,298,13.099499888143178
2024-10-06,9,235,10.615525319148935
2024-10-06,10,347,10.263472382324688
2024-10-06,11,610,11.649905737704918
2024-10-06,12,1110,12.123817042042042
2024-10-06,13,1827,12.721135960591132
2024-10-06,14,2614,13.360664798520785
2024-10-06,15,3071,14.994186481059373
2024-10-06,16,3584,14.556994870721725
2024-10-06,17,3962,15.15907056200572
2024-10-06,18,4351,15.869020412931894
2024-10-06,19,4653,14.829162558206177
2024-10-06,20,4741,14.450823121001195
2024-10-06,21,4407,14.331705672793284
2024-10-06,22,3598,12.6719664165277
2024-10-06,23,2632,12.598724170466056
2024-10-07,0,1912,10.918616727684796
2024-10-07,1,791,9.83245579435314
2024-10-07,2,736,10.46744236865942
2024-10-07,3,667,10.197481634182909
2024-10-07,4,359,10.577336675951718
2024-10-07,5,219,10.912858751902588
2024-10-07,6,146,12.438279452054795
2024-10-07,7,119,12.18748767507003
2024-10-07,8,85,10.634537843137256
2024-10-07,9,256,12.024329752604165
2024-10-07,10,807,10.986290809582817
2024-10-07,11,2546,12.885405243519246
2024-10-07,12,4060,12.23805234811166
2024-10-07,13,2192,10.998217974452555
2024-10-07,14,1637,11.291123427000612
2024-10-07,15,2213,11.289591655369783
2024-10-07,16,2856,11.710391579131652
2024-10-07,17,2899,11.756507048407498
2024-10-07,18,2652,12.654326703117144
2024-10-07,19,3384,12.2505286643026
2024-10-07,20,4928,12.733350612148268
2024-10-07,21,6424,12.437907534246575
2024-10-07,22,4805,11.701784190079778
2024-10-07,23,3244,10.98800487053021
2024-10-08,0,2561,11.186603423142001
2024-10-08,1,1954,11.608549036165131
2024-10-08,2,1357,11.365493220338985
2024-10-08,3,846,10.79728463356974
2024-10-08,4,428,11.290202492211838
2024-10-08,5,230,10.629367318840579
2024-10-08,6,97,11.986133333333333
2024-10-08,7,91,12.114600366300367
2024-10-08,8,82,12.431225203252032
2024-10-08,9,297,11.960297250280584
2024-10-08,10,875,10.91790902857143
2024-10-08,11,3018,12.761758692290702
2024-10-08,12,5157,12.260568689806735
2024-10-08,13,2750,11.430835163636363
2024-10-08,14,2015,11.629392572373863
2024-10-08,15,2471,11.42715947659517
2024-10-08,16,2938,11.576058492171544
2024-10-08,17,2832,11.764387441148777
2024-10-08,18,2667,12.517895600549933
2024-10-08,19,3497,12.700397149938043
2024-10-08,20,5362,13.221898305980355
2024-10-08,21,7290,12.991466561499772
2024-10-08,22,5529,12.471199695544705
2024-10-08,23,3689,11.429568302159574
2024-10-09,0,2743,11.530587495442946
2024-10-09,1,2259,11.472499099896709
2024-10-09,2,1562,11.321711801109688
2024-10-09,3,920,11.050744474637682
2024-10-09,4,586,10.196964846416382
2024-10-09,5,232,12.480261566091954
2024-10-09,6,139,13.602229496402877
2024-10-09,7,99,11.814289057239058
2024-10-09,8,101,12.169972772277227
2024-10-09,9,266,12.228126253132833
2024-10-09,10,846,10.7964115642238
2024-10-09,11,2896,12.818666563075507
2024-10-09,12,4936,11.950371214883846
2024-10-09,13,2796,11.55314456962327
2024-10-09,14,2041,11.799796292666993
2024-10-09,15,2541,12.008440397481307
2024-10-09,16,3040,11.825249791666666
2024-10-09,17,2706,11.539894154964278
2024-10-09,18,2762,12.24410836953898
2024-10-09,19,3412,12.31396010160219
2024-10-09,20,5006,12.341994689705686
2024-10-09,21,5796,11.542426800092018
2024-10-09,22,4525,11.253185580110497
2024-10-09,23,3208,10.845748488154614
2024-10-10,0,2606,10.428042645177795
2024-10-10,1,2123,10.946919084628671
2024-10-10,2,1684,10.5706023456057
2024-10-10,3,1035,10.500619516908213
2024-10-10,4,602,10.894488953488372
2024-10-10,5,331,11.677416918429003
2024-10-10,6,165,12.227079191919191
2024-10-10,7,134,11.91431592039801
2024-10-10,8,92,13.105995108695652
2024-10-10,9,246,11.614307249322492
2024-10-10,10,791,10.142621744627053
2024-10-10,11,2740,12.28810291970803
2024-10-10,12,4500,11.199281733333333
2024-10-10,13,2692,10.959916976225854
2024-10-10,14,1947,10.922616409861325
2024-10-10,15,2331,11.422863635063635
2024-10-10,16,2723,11.110177163667524
2024-10-10,17,2746,10.956914311726146
2024-10-10,18,2575,12.087798226537219
2024-10-10,19,3299,11.861790972011722
2024-10-10,20,4930,12.430567139959432
2024-10-10,21,6200,12.34646959139785
2024-10-10,22,4888,11.941406693262412
2024-10-10,23,3538,11.38950596382137
2024-10-11,0,2689,11.179517503408952
2024-10-11,1,2268,11.901423486184598
2024-10-11,2,1855,11.586338095238094
2024-10-11,3,1393,11.043186587700408
2024-10-11,4,872,10.827702924311927
2024-10-11,5,608,12.159363898026315
2024-10-11,6,332,12.912397841365463
2024-10-11,7,301,13.578244130675527
2024-10-11,8,138,11.005376086956522
2024-10-11,9,259,11.582926254826255
2024-10-11,10,656,10.083582444105692
2024-10-11,11,2027,11.826056043413912
2024-10-11,12,3307,11.172628923495616
2024-10-11,13,2343,11.082373716033576
2024-10-11,14,2131,11.673771414046614
2024-10-11,15,2752,12.04487601138566
2024-10-11,16,3363,12.190409916741006
2024-10-11,17,3362,12.181287571881816
2024-10-11,18,3448,12.386935735692187
2024-10-11,19,4081,12.932206195376951
2024-10-11,20,4967,12.759344070867728
2024-10-11,21,5276,12.505330221758909
2024-10-11,22,4511,12.798021717283676
2024-10-11,23,2584,12.310607249742
2024-10-12,0,2977,11.95947487963274
2024-10-12,1,2010,10.897388540630182
2024-10-12,2,1038,10.762398137443801
2024-10-12,3,1362,11.301755555555555
2024-10-12,4,1299,11.591477431357456
2024-10-12,5,1090,13.481636819571865
2024-10-12,6,857,13.60363689225982
2024-10-12,7,697,13.097868747011
2024-10-12,8,243,11.483534910836763
2024-10-12,9,193,11.656788428324699
2024-10-12,10,302,10.063607284768212
2024-10-12,11,631,11.115584495509772
2024-10-12,12,1246,11.140115877474585
2024-10-12,13,1609,11.429912968717629
2024-10-12,14,2200,12.789748598484849
2024-10-12,15,2530,13.728004262187088
2024-10-12,16,2855,13.99636440747227
2024-10-12,17,3006,14.771556913949876
2024-10-12,18,3353,15.271687717466945
2024-10-12,19,3470,14.334193616714698
2024-10-12,20,3661,14.047742028589639
2024-10-12,21,3511,13.693587482198804
2024-10-12,22,2912,12.631828331043957
2024-10-12,23,2393,12.318135966011981
2024-10-13,0,1777,12.15181748264866
2024-10-13,1,1474,12.105243374038896
2024-10-13,2,1412,11.432623182247404
2024-10-13,3,1340,11.61940410447761
2024-10-13,4,1167,11.303266095401312
2024-10-13,5,797,11.729257005437054
2024-10-13,6,651,12.22596625704045
2024-10-13,7,619,13.086362762520194
2024-10-13,8,265,11.983163396226416
2024-10-13,9,192,9.55737248263889
2024-10-13,10,263,9.863488719898605
2024-10-13,11,466,10.846658583690989
2024-10-13,12,766,11.430750174064404
2024-10-13,13,1274,12.212442844060703
2024-10-13,14,1791,13.230714814814814
2024-10-13,15,2151,13.320234464590113
2024-10-13,16,2456,13.755124239956569
2024-10-13,17,2596,15.077754038263995
2024-10-13,18,2718,14.128006395634046
2024-10-13,19,3151,14.127863334391197
2024-10-13,20,3534,14.144018968119223
2024-10-13,21,3020,13.405011909492274
2024-10-13,22,2506,12.084007807927641
2024-10-13,23,1897,11.444603830609735
2024-10-14,0,1394,11.733023696795792
2024-10-14,1,1230,11.678470636856368
2024-10-14,2,1178,12.462255800792303
2024-10-14,3,996,11.137809303882197
2024-10-14,4,707,10.46434889203206
2024-10-14,5,510,12.676205555555557
2024-10-14,6,274,12.341559610705596
2024-10-14,7,272,13.273513480392158
2024-10-14,8,129,13.159448062015503
2024-10-14,9,118,11.504541101694915
2024-10-14,10,216,9.003290046296296
2024-10-14,11,334,9.787221856287426
2024-10-14,12,505,9.551370462046204
2024-10-14,13,682,9.13928220918866
2024-10-14,14,651,9.519228622631848
2024-10-14,15,909,9.916192794279429
2024-10-14,16,943,10.33160498409332
2024-10-14,17,765,9.675996906318082
2024-10-14,18,677,9.614368266863613
2024-10-14,19,774,9.640171726959517
2024-10-14,20,1066,9.981814555972482
2024-10-14,21,1368,10.609119091130603
2024-10-14,22,1445,11.199794567474049
2024-10-14,23,1325,10.837109610062893
2024-10-15,0,1017,11.25936307767945
2024-10-15,1,843,10.873786279161722
2024-10-15,2,877,10.481341600152033
2024-10-15,3,644,10.794202225672876
2024-10-15,4,416,10.456838181089744
2024-10-15,5,175,11.676903714285714
2024-10-15,6,102,11.577127124183008
2024-10-15,7,92,10.927366304347826
2024-10-15,8,76,11.771683771929823
2024-10-15,9,191,11.41900270506108
2024-10-15,10,700,11.173897738095238
2024-10-15,11,2192,12.227950121654501
2024-10-15,12,3897,11.901277670857926
2024-10-15,13,2140,11.317949890965734
2024-10-15,14,1437,10.850209232196706
2024-10-15,15,1717,11.398765200931859
2024-10-15,16,2203,10.964039665607505
2024-10-15,17,1989,11.208616365007542
2024-10-15,18,1910,11.351347547993019
2024-10-15,19,1956,11.312281160531697
2024-10-15,20,3518,12.056112715558081
2024-10-15,21,4644,11.699726539621016
2024-10-15,22,3408,10.989716026017216
2024-10-15,23,2034,10.282436291379875
2024-10-16,0,1316,10.195879141337386
2024-10-16,1,1126,10.545763839550029
2024-10-16,2,794,10.394669290512175
2024-10-16,3,541,9.764359704251387
2024-10-16,4,346,10.62655197495183
2024-10-16,5,190,11.323499210526315
2024-10-16,6,80,10.463324375000001
2024-10-16,7,90,11.236217777777778
2024-10-16,8,81,12.062616049382717
2024-10-16,9,215,11.4280603875969
2024-10-16,10,733,11.24771093678945
2024-10-16,11,2242,12.609065068391319
2024-10-16,12,3957,12.322383842978686
2024-10-16,13,2186,11.505010559621835
2024-10-16,14,1572,11.567950964800678
2024-10-16,15,1922,11.58437420221991
2024-10-16,16,2384,11.334669924496644
2024-10-16,17,2375,12.030113515789473
2024-10-16,18,2251,12.453410995113282
2024-10-16,19,2881,12.71501259979174
2024-10-16,20,4394,12.67977590653922
2024-10-16,21,5873,12.254804886769964
2024-10-16,22,4091,11.644860934571826
2024-10-16,23,2966,10.908291868959317
2024-10-17,0,2366,11.258246414482953
2024-10-17,1,1895,10.914277977132807
2024-10-17,2,1325,10.790602050314465
2024-10-17,3,921,10.261269163952225
2024-10-17,4,511,9.990228734507502
2024-10-17,5,262,10.677847964376591
2024-10-17,6,151,10.894341169977924
2024-10-17,7,124,11.27865443548387
2024-10-17,8,75,12.897870444444445
2024-10-17,9,200,11.890381416666667
2024-10-17,10,742,10.874281738544473
2024-10-17,11,2304,12.634008861400464
2024-10-17,12,3957,12.237952944149608
2024-10-17,13,2363,11.146589272111722
2024-10-17,14,1680,11.716264404761906
2024-10-17,15,2115,11.90026024428684
2024-10-17,16,2569,12.370925113533152
2024-10-17,17,2503,12.296980103875349
2024-10-17,18,2503,12.895760287654815
2024-10-17,19,3352,13.309002555688146
2024-10-17,20,4637,13.181705632233484
2024-10-17,21,6152,13.13895750704378
2024-10-17,22,4630,12.009382933765298
2024-10-17,23,3158,11.325637972345366
2024-10-18,0,2444,11.240602339061649
2024-10-18,1,2169,11.355654725680036
2024-10-18,2,1668,11.214265637490008
2024-10-18,3,1198,10.849243447412354
2024-10-18,4,699,10.829686409155936
2024-10-18,5,495,11.564469562289563
2024-10-18,6,300,12.985933333333332
2024-10-18,7,263,11.81346318124208
2024-10-18,8,114,11.075733187134503
2024-10-18,9,195,10.480832564102563
2024-10-18,10,649,10.292678505392914
2024-10-18,11,1793,12.039539970254694
2024-10-18,12,3169,11.672400925633744
2024-10-18,13,2073,10.558704027978774
2024-10-18,14,1832,11.979501328238719
2024-10-18,15,2367,12.56800247148289
2024-10-18,16,2985,12.241586437744278
2024-10-18,17,3072,12.42823943684896
2024-10-18,18,3000,12.990157205555557
2024-10-18,19,3848,13.501920538808038
2024-10-18,20,4986,13.170361488835404
2024-10-18,21,5503,13.302342407171848
2024-10-18,22,4595,12.882439194776932
2024-10-18,23,3684,12.162978474484257
2024-10-19,0,2726,12.442004102470042
2024-10-19,1,2225,12.293418921348316
2024-10-19,2,1875,12.2885352
2024-10-19,3,1813,12.372337699944843
2024-10-19,4,1456,11.661624027014653
2024-10-19,5,1075,12.915127131782947
2024-10-19,6,822,13.069173682076237
2024-10-19,7,647,13.317820118495618
2024-10-19,8,296,11.16693367117117
2024-10-19,9,193,12.298200431778929
2024-10-19,10,306,10.17849885620915
2024-10-19,11,611,10.741871849427168
2024-10-19,12,1180,11.385798008474577
2024-10-19,13,1853,11.884126596510162
2024-10-19,14,2423,12.259176956940433
2024-10-19,15,2799,13.86291478504228
2024-10-19,16,3235,14.56856894384338
2024-10-19,17,3753,15.733993733901766
2024-10-19,18,4285,15.99945587320109
2024-10-19,19,4467,15.330643078874711
2024-10-19,20,4559,14.761245664253856
2024-10-19,21,4179,14.711410800031906
2024-10-19,22,3592,13.678058453971788
2024-10-19,23,2788,12.70037225011956
2024-10-20,0,2297,12.346676033957335
2024-10-20,1,1809,12.49949728210798
2024-10-20,2,1700,12.72188319607843
2024-10-20,3,1647,12.424975005059705
2024-10-20,4,1315,11.417453092522178
2024-10-20,5,1111,12.392632163216321
2024-10-20,6,794,13.408290596137702
2024-10-20,7,673,13.269510153541356
2024-10-20,8,285,12.760362046783627
2024-10-20,9,203,11.146555172413793
2024-10-20,10,260,9.863479038461538
2024-10-20,11,527,10.942106198608474
2024-10-20,12,988,11.18148544197031
2024-10-20,13,1706,12.686399286830794
2024-10-20,14,2231,13.879747751382041
2024-10-20,15,2822,14.591434939759036
2024-10-20,16,3291,15.000678177858807
2024-10-20,17,3631,15.234891958138252
2024-10-20,18,4080,16.25015818627451
2024-10-20,19,4342,15.529135091355752
2024-10-20,20,4242,15.097802259154486
2024-10-20,21,3709,14.521803527455738
2024-10-20,22,3165,13.274548088467615
2024-10-20,23,2169,12.468544167819271
2024-10-21,0,1763,12.170179844961241
2024-10-21,1,1409,11.834174651052754
2024-10-21,2,1090,11.47696631498471
2024-10-21,3,766,11.38126679721497
2024-10-21,4,461,11.758531887201736
2024-10-21,5,257,12.159455188067444
2024-10-21,6,127,14.159446325459319
2024-10-21,7,106,12.211697484276732
2024-10-21,8,84,12.55577757936508
2024-10-21,9,218,11.711297094801225
2024-10-21,10,755,11.088749249448123
2024-10-21,11,2318,12.621730816796086
2024-10-21,12,4130,12.165239895076676
2024-10-21,13,2328,11.52640472508591
2024-10-21,14,1829,12.364067322762896
2024-10-21,15,2280,12.98853956140351
2024-10-21,16,2752,12.244809047965116
2024-10-21,17,2705,12.56588327171904
2024-10-21,18,2735,13.459574424131626
2024-10-21,19,3512,14.250364388762337
2024-10-21,20,5169,14.087998391049203
2024-10-21,21,6711,13.615552719415884
2024-10-21,22,4858,12.427360981885549
2024-10-21,23,3459,11.934025310783461
2024-10-22,0,2634,12.049057251328778
2024-10-22,1,2026,11.85894936656795
2024-10-22,2,1467,11.758721120199956
2024-10-22,3,920,11.930371920289856
2024-10-22,4,510,11.138508431372548
2024-10-22,5,237,13.14298952180028
2024-10-22,6,122,12.22867950819672
2024-10-22,7,105,12.747153174603174
2024-10-22,8,90,12.03282537037037
2024-10-22,9,250,10.715109133333334
2024-10-22,10,872,10.875951701070337
2024-10-22,11,2915,12.861478353344769
2024-10-22,12,4965,12.164824481369589
2024-10-22,13,2715,11.379579871086557
2024-10-22,14,2005,12.402090714879467
2024-10-22,15,2367,12.69958939585974
2024-10-22,16,3092,12.237469846916774
2024-10-22,17,2850,12.579395304093568
2024-10-22,18,2845,14.33342890451084
2024-10-22,19,3712,13.974901495150862
2024-10-22,20,5697,14.288958007138262
2024-10-22,21,7383,13.935005056661701
2024-10-22,22,5563,12.825699508658397
2024-10-22,23,3632,11.811194543869311
2024-10-23,0,2826,11.979132973578674
2024-10-23,1,2276,11.952336599297011
2024-10-23,2,1850,12.632016909909911
2024-10-23,3,1175,12.482883460992907
2024-10-23,4,562,11.979726601423488
2024-10-23,5,312,11.975526228632479
2024-10-23,6,165,12.222753535353535
2024-10-23,7,128,12.261712760416666
2024-10-23,8,84,14.650751984126984
2024-10-23,9,256,12.963200195312501
2024-10-23,10,899,10.926478290693364
2024-10-23,11,2790,13.225544420549582
2024-10-23,12,5047,12.356026732052044
2024-10-23,13,2731,12.089543366288293
2024-10-23,14,2192,13.461835583941605
2024-10-23,15,2811,13.642456610933237
2024-10-23,16,3067,12.717369981523746
2024-10-23,17,2877,12.427959129880662
2024-10-23,18,2751,12.444273476311643
2024-10-23,19,3415,13.170126481210346
2024-10-23,20,4861,12.541461763697455
2024-10-23,21,5663,12.118768105833187
2024-10-23,22,3178,11.394816467379902
2024-10-23,23,2596,11.44341857986646
2024-10-24,0,2270,11.634519706314244
2024-10-24,1,1910,12.03898364746946
2024-10-24,2,1586,11.870063303909207
2024-10-24,3,1095,11.211900441400305
2024-10-24,4,563,11.516314949674364
2024-10-24,5,327,11.691079153924568
2024-10-24,6,201,11.4241820066335
2024-10-24,7,173,11.805822543352601
2024-10-24,8,100,11.611887
2024-10-24,9,219,10.279065829528157
2024-10-24,10,838,10.630852406523468
2024-10-24,11,2490,12.122024571619813
2024-10-24,12,4551,11.817894048926975
2024-10-24,13,2484,10.825967907944177
2024-10-24,14,1848,11.412889835858586
2024-10-24,15,2274,11.227040618586924
2024-10-24,16,2737,11.533757331628303
2024-10-24,17,2648,12.147304972306143
2024-10-24,18,2581,12.557906812604934
2024-10-24,19,3299,12.631950555723957
2024-10-24,20,4915,12.998508979315021
2024-10-24,21,6295,12.88315159385756
2024-10-24,22,4631,11.881461390628374
2024-10-24,23,3254,11.140218910059414
2024-10-25,0,2668,10.748134257871063
2024-10-25,1,2098,11.163246425166827
2024-10-25,2,1669,10.761318074695426
2024-10-25,3,1163,10.438660289481225
2024-10-25,4,843,10.773966548042704
2024-10-25,5,455,11.829086446886446
2024-10-25,6,281,11.65256797153025
2024-10-25,7,221,10.926415686274511
2024-10-25,8,99,10.728501515151516
2024-10-25,9,186,10.178066129032258
2024-10-25,10,610,10.082895382513662
2024-10-25,11,1849,11.860803281052823
2024-10-25,12,3168,11.258259522306398
2024-10-25,13,2250,10.664868688888888
2024-10-25,14,1958,11.383749906367042
2024-10-25,15,2459,11.681747478649857
2024-10-25,16,2946,11.580650560081468
2024-10-25,17,3032,11.681455672823219
2024-10-25,18,3117,12.106157084803764
2024-10-25,19,3677,12.049642240050765
2024-10-25,20,4540,12.41475586270191
2024-10-25,21,5038,12.151659772396453
2024-10-25,22,4174,12.208360377735186
2024-10-25,23,3150,11.469230613756615
2024-10-26,0,2563,11.678893139550006
2024-10-26,1,2084,11.759832685540626
2024-10-26,2,1813,11.219021014892444
2024-10-26,3,1787,11.831470341354224
2024-10-26,4,1513,11.475263813615332
2024-10-26,5,1161,12.091442075796726
2024-10-26,6,813,13.284841574415744
2024-10-26,7,655,13.260717608142492
2024-10-26,8,273,12.030293467643467
2024-10-26,9,157,12.396732590233546
2024-10-26,10,252,10.01532566137566
2024-10-26,11,543,9.810443492940454
2024-10-26,12,1131,11.141088682581787
2024-10-26,13,1687,11.316875913851018
2024-10-26,14,2261,11.55750350140056
2024-10-26,15,2627,12.798349378251494
2024-10-26,16,3011,13.53124750359792
2024-10-26,17,3261,13.665935285699684
2024-10-26,18,3574,13.977090323633648
2024-10-26,19,3514,13.124366690381333
2024-10-26,20,3424,12.874330539330218
2024-10-26,21,3164,11.850255646860514
2024-10-26,22,2323,11.718781991677428
2024-10-26,23,2043,11.277933790177842
2024-10-27,0,1697,10.943382262816735
2024-10-27,1,1390,10.577149832134292
2024-10-27,2,1377,10.789952263374486
2024-10-27,3,1241,10.653209683051303
2024-10-27,4,1049,10.43989957102002
2024-10-27,5,900,11.899868259259257
2024-10-27,6,748,12.651200356506239
2024-10-27,7,645,12.59508943152455
2024-10-27,8,248,11.804365994623655
2024-10-27,9,160,10.080912395833334
2024-10-27,10,179,9.061896554934824
2024-10-27,11,358,10.418335195530727
2024-10-27,12,721,9.91033656957929
2024-10-27,13,1260,9.819991534391535
2024-10-27,14,1577,10.506410653138872
2024-10-27,15,1902,11.480523256221522
2024-10-27,16,2224,11.430835648980816
2024-10-27,17,2289,11.860576692878986
2024-10-27,18,2470,11.655295256410255
2024-10-27,19,2707,11.654155116364981
2024-10-27,20,2584,11.505364957430341
2024-10-27,21,2398,11.12097661940506
2024-10-27,22,1980,10.972798148148149
2024-10-27,23,1492,9.82373518766756
2024-10-28,0,1165,10.133541459227468
2024-10-28,1,928,9.683429651580461
2024-10-28,2,779,9.981731364997861
2024-10-28,3,613,9.30835772158782
2024-10-28,4,324,8.5200341563786
2024-10-28,5,157,11.108967728237792
2024-10-28,6,75,10.758131555555556
2024-10-28,7,80,11.677138750000001
2024-10-28,8,77,11.885655411255412
2024-10-28,9,194,10.527152577319587
2024-10-28,10,593,9.944062057335582
2024-10-28,11,1809,12.021035968306615
2024-10-28,12,3284,11.235773081607796
2024-10-28,13,1830,10.057003479052822
2024-10-28,14,1349,10.610272349888806
2024-10-28,15,1742,10.185675755836202
2024-10-28,16,2174,10.827606148420731
2024-10-28,17,2077,10.738048892633607
2024-10-28,18,2019,11.039499876176325
2024-10-28,19,2622,11.57399291253496
2024-10-28,20,3781,12.187799545975492
2024-10-28,21,4657,11.556929521866724
2024-10-28,22,3411,10.952657588195056
2024-10-28,23,2393,10.016177065050844
2024-10-29,0,1730,10.187906117533718
2024-10-29,1,1386,10.160981661856663
2024-10-29,2,951,10.6773986680687
2024-10-29,3,559,10.632922868217054
2024-10-29,4,318,10.034269444444446
2024-10-29,5,135,11.479037777777778
2024-10-29,6,86,11.749358139534882
2024-10-29,7,78,11.727779914529915
2024-10-29,8,48,10.811528472222221
2024-10-29,9,177,9.970838323917139
2024-10-29,10,689,10.464000096758586
2024-10-29,11,2164,12.279968938693777
2024-10-29,12,4059,11.661660129752812
2024-10-29,13,2235,10.278840932140193
2024-10-29,14,1486,10.634051480484521
2024-10-29,15,1855,10.720339604672057
2024-10-29,16,2245,10.440003904974017
2024-10-29,17,2157,10.743141570081903
2024-10-29,18,2224,11.693204136690646
2024-10-29,19,2902,11.582908275901678
2024-10-29,20,4227,12.333026105985333
2024-10-29,21,5506,12.475396167816928
2024-10-29,22,4083,11.650609343619887
2024-10-29,23,2701,10.6420575712699
2024-10-30,0,1989,10.427824551701022
2024-10-30,1,1489,10.25125631296172
2024-10-30,2,614,9.24835420738328
2024-10-30,3,416,9.927428806089743
2024-10-30,4,286,10.261454895104896
2024-10-30,5,142,11.228930516431925
2024-10-30,6,88,12.085346022727272
2024-10-30,7,72,13.353330555555555
2024-10-30,8,51,13.041466013071894
2024-10-30,9,212,11.101042610062894
2024-10-30,10,759,11.19392088274045
2024-10-30,11,2267,12.913258689898544
2024-10-30,12,4227,12.053026882737953
2024-10-30,13,2496,10.85391642628205
2024-10-30,14,1746,11.50752448453608
2024-10-30,15,2228,11.655590507181328
2024-10-30,16,2728,11.408299156891497
2024-10-30,17,2686,11.830200912137007
2024-10-30,18,2594,12.53982381778463
2024-10-30,19,3405,12.517890416054822
2024-10-30,20,4827,13.092777439403356
2024-10-30,21,6366,13.034504196774531
2024-10-30,22,4798,12.357307735862165
2024-10-30,23,3328,11.524530924479167
2024-10-31,0,2708,11.604481406942392
2024-10-31,1,2289,11.919501492645988
2024-10-31,2,1766,12.075990364288412
2024-10-31,3,1168,12.10365470890411
2024-10-31,4,721,11.735698959778086
2024-10-31,5,410,13.05718105691057
2024-10-31,6,216,13.941379706790123
2024-10-31,7,154,15.947466125541126
2024-10-31,8,105,11.97837888888889
2024-10-31,9,209,11.166059968102074
2024-10-31,10,809,10.808328471363822
2024-10-31,11,2445,12.621147164280845
2024-10-31,12,4530,12.01707157468727
2024-10-31,13,2705,11.259984393099199
2024-10-31,14,2037,12.222292120765832
2024-10-31,15,2626,12.645237077938564
2024-10-31,16,3006,11.815090679751608
2024-10-31,17,3007,11.979416600155194
2024-10-31,18,2928,12.543758361794172
2024-10-31,19,3857,13.259884612393051
2024-10-31,20,5712,13.302416339869282
2024-10-31,21,6665,13.44393927731933
2024-10-31,22,4971,12.995418151947964
2024-10-31,23,3869,12.499948479365901
2024-11-01,0,3086,11.99666753618492
2024-11-01,1,2731,12.348115623092884
2024-11-01,2,2259,12.382621904972702
2024-11-01,3,1613,12.02017146104567
2024-11-01,4,1319,12.362782688905737
2024-11-01,5,1220,14.44666419398907
2024-11-01,6,907,14.910870801176038
2024-11-01,7,613,14.262660603588907
2024-11-01,8,223,13.715078026905829
2024-11-01,9,259,12.65142027027027
2024-11-01,10,704,11.183170596590909
2024-11-01,11,1671,11.876147805705166
2024-11-01,12,2983,11.493981489551906
2024-11-01,13,2333,11.230347363909129
2024-11-01,14,1960,11.016491471088436
2024-11-01,15,2551,11.512190683392134
2024-11-01,16,3069,11.873917003367003
2024-11-01,17,2983,11.382708727232092
2024-11-01,18,3007,11.737508097771865
2024-11-01,19,3554,11.932699104295628
2024-11-01,20,4591,12.182274969142526
2024-11-01,21,5347,12.585992151362134
2024-11-01,22,4269,12.27161144296088
2024-11-01,23,3161,11.221644632500263
2024-11-02,0,2625,11.257912171428572
2024-11-02,1,2068,11.198221244358479
2024-11-02,2,1639,11.125606680902989
2024-11-02,3,1404,11.727351946818615
2024-11-02,4,1242,11.060453770799786
2024-11-02,5,1203,12.644002036575229
2024-11-02,6,1028,13.046383835927369
2024-11-02,7,824,13.074859567152101
2024-11-02,8,339,11.306794542772861
2024-11-02,9,195,10.627770341880343
2024-11-02,10,261,9.4002561302682
2024-11-02,11,465,10.114514695340501
2024-11-02,12,879,10.108372828972318
2024-11-02,13,1307,10.596959984697783
2024-11-02,14,1689,11.157174777975133
2024-11-02,15,1923,11.538347772577572
2024-11-02,16,2231,11.666009128940685
2024-11-02,17,2421,12.008955397218779
2024-11-02,18,2485,11.641919027498323
2024-11-02,19,2770,11.773216269554753
2024-11-02,20,2702,11.743191099185788
2024-11-02,21,2685,11.592244096834264
2024-11-02,22,2343,11.423948129179115
2024-11-02,23,1950,11.642273632478632
2024-11-03,0,1568,11.416919855442176
2024-11-03,1,1342,11.036895988574267
2024-11-03,2,1255,11.130024103585658
2024-11-03,3,1127,10.99706455190772
2024-11-03,4,970,10.953614965635738
2024-11-03,5,856,12.83858148364486
2024-11-03,6,659,13.01306527567021
2024-11-03,7,533,13.301731238273922
2024-11-03,8,378,11.63934594356261
2024-11-03,9,186,10.402612813620072
2024-11-03,10,129,10.164412919896641
2024-11-03,11,278,12.292745503597123
2024-11-03,12,360,10.318739722222222
2024-11-03,13,723,10.086974296911018
2024-11-03,14,1209,11.227018748276812
2024-11-03,15,1761,11.72055057732349
2024-11-03,16,1894,12.352038155579022
2024-11-03,17,2225,12.874878359550562
2024-11-03,18,2599,13.473865358471208
2024-11-03,19,2681,12.901770763396742
2024-11-03,20,2755,12.82522153660012
2024-11-03,21,2622,12.003472781591661
2024-11-03,22,2099,11.1556896538034
2024-11-03,23,1812,10.71123991905813
2024-11-04,0,1360,10.373688333333334
2024-11-04,1,991,10.674524840228724
2024-11-04,2,848,10.519870872641508
2024-11-04,3,702,10.398278371320037
2024-11-04,4,537,9.829533581626318
2024-11-04,5,289,9.976662975778547
2024-11-04,6,149,11.510635011185682
2024-11-04,7,84,11.116409126984127
2024-11-04,8,79,10.894035021097046
2024-11-04,9,66,12.611539898989898
2024-11-04,10,175,11.50578819047619
2024-11-04,11,650,9.985977923076923
2024-11-04,12,1873,11.9823014593344
2024-11-04,13,3199,11.215021715119308
2024-11-04,14,1830,10.136131948998178
2024-11-04,15,1353,10.535837694013303
2024-11-04,16,1704,10.218946733176837
2024-11-04,17,1925,10.00849883982684
2024-11-04,18,1439,9.501874310864025
2024-11-04,19,1530,10.281006100217866
2024-11-04,20,1970,10.685199695431471
2024-11-04,21,2141,10.800613537287871
2024-11-04,22,2121,10.445406247053278
2024-11-04,23,1219,9.70568575334974
2024-11-05,0,1089,9.241964141414142
2024-11-05,1,1109,9.88895117222723
2024-11-05,2,992,9.88784914314516
2024-11-05,3,697,10.401036465805833
2024-11-05,4,460,10.074729311594202
2024-11-05,5,220,10.784824469696968
2024-11-05,6,115,10.518502028985509
2024-11-05,7,84,11.07119503968254
2024-11-05,8,60,12.952656666666666
2024-11-05,9,49,9.953452380952381
2024-11-05,10,192,9.764658854166667
2024-11-05,11,646,10.791898323013417
2024-11-05,12,2219,12.595260372540183
2024-11-05,13,3988,11.654120056001338
2024-11-05,14,2202,10.732218036633363
2024-11-05,15,1389,11.165337305015598
2024-11-05,16,1932,11.498628045203587
2024-11-05,17,2219,10.903496913023885
2024-11-05,18,2160,10.825647793209876
2024-11-05,19,2217,12.218811404300105
2024-11-05,20,2919,12.34067434052758
2024-11-05,21,4409,12.85174306721101
2024-11-05,22,5603,12.432880334939616
2024-11-05,23,4065,11.977168540385405
2024-11-06,0,2978,11.360582588985897
2024-11-06,1,2286,11.456238794109069
2024-11-06,2,1817,11.112260722803155
2024-11-06,3,1529,11.325080717244388
2024-11-06,4,1162,11.539373350545036
2024-11-06,5,707,11.380297194719473
2024-11-06,6,316,13.561022204641352
2024-11-06,7,166,12.871611847389557
2024-11-06,8,95,11.589855438596489
2024-11-06,9,66,12.058988636363637
2024-11-06,10,233,11.001744062947067
2024-11-06,11,779,10.199787056054772
2024-11-06,12,2272,12.195908127934272
2024-11-06,13,4101,11.771629553767374
2024-11-06,14,2371,10.882810312104596
2024-11-06,15,1791,11.639064498418016
2024-11-06,16,2168,11.731028305658056
2024-11-06,17,2661,11.565882750845548
2024-11-06,18,2599,11.8485543798897
2024-11-06,19,2410,12.412827925311204
2024-11-06,20,3111,12.67073609236044
2024-11-06,21,4633,12.699083362112383
2024-11-06,22,5484,12.916927540724533
2024-11-06,23,4165,12.257653541416568
2024-11-07,0,3040,11.787148289473684
2024-11-07,1,2382,11.314830905401623
2024-11-07,2,2047,11.628541483471748
2024-11-07,3,1525,11.411881650273227
2024-11-07,4,944,10.44054756355932
2024-11-07,5,567,10.484790799529689
2024-11-07,6,287,10.544885133565622
2024-11-07,7,133,10.48827305764411
2024-11-07,8,89,10.007215917602997
2024-11-07,9,62,12.371993279569892
2024-11-07,10,166,9.321992771084338
2024-11-07,11,531,10.404693879472692
2024-11-07,12,1992,12.16185968875502
2024-11-07,13,3735,11.6428448951361
2024-11-07,14,2187,10.675859312604786
2024-11-07,15,1661,11.295312974111981
2024-11-07,16,2012,11.63463090622929
2024-11-07,17,2387,11.097674787040916
2024-11-07,18,2293,11.482747012647188
2024-11-07,19,2186,11.361069480024398
2024-11-07,20,2794,11.934039155332856
2024-11-07,21,4118,12.002547911607577
2024-11-07,22,4917,11.972782357128331
2024-11-07,23,3632,11.557539491556534
2024-11-08,0,2677,10.732905964387998
2024-11-08,1,2134,10.447282974070605
2024-11-08,2,1921,10.983373928509456
2024-11-08,3,1477,10.503118889641165
2024-11-08,4,1105,10.675527647058823
2024-11-08,5,697,10.36187692491631
2024-11-08,6,411,11.503577047850769
2024-11-08,7,219,11.453258523592085
2024-11-08,8,184,11.289970923913044
2024-11-08,9,101,10.668244719471947
2024-11-08,10,189,10.682822310405644
2024-11-08,11,593,10.230746037099495
2024-11-08,12,1694,11.624750108225108
2024-11-08,13,2780,10.850934028776978
2024-11-08,14,1976,10.001141093117408
2024-11-08,15,1634,10.082448969808244
2024-11-08,16,2043,10.3710123429597
2024-11-08,17,2479,10.510157187037784
2024-11-08,18,2438,10.383461724090784
2024-11-08,19,1531,10.965251208360547
2024-11-08,20,2462,11.338435418359058
2024-11-08,21,3335,11.39608863568216
2024-11-08,22,3560,11.785340622659175
2024-11-08,23,2930,11.393427349260524
2024-11-09,0,2394,10.64935843776107
2024-11-09,1,1847,10.546085462912831
2024-11-09,2,1549,10.408130804820313
2024-11-09,3,1293,10.452771100799175
2024-11-09,4,1217,10.637622692413037
2024-11-09,5,1061,10.736306927426956
2024-11-09,6,735,11.914787210884354
2024-11-09,7,605,11.52223002754821
2024-11-09,8,477,11.897451257861634
2024-11-09,9,146,10.737226369863015
2024-11-09,10,96,12.33561545138889
2024-11-09,11,205,9.024361544715447
2024-11-09,12,429,9.747327350427351
2024-11-09,13,885,10.569669397363466
2024-11-09,14,1437,11.164500255161215
2024-11-09,15,1832,11.084153566229984
2024-11-09,16,2134,12.364469736019995
2024-11-09,17,2500,12.97865822
2024-11-09,18,2769,13.411882568917779
2024-11-09,19,3129,13.248154490252475
2024-11-09,20,2982,13.533483892242343
2024-11-09,21,2861,12.30577174647559
2024-11-09,22,2378,11.688600028034763
2024-11-09,23,2170,11.685470852534563
2024-11-10,0,1934,11.262449146845915
2024-11-10,1,1525,10.55269906010929
2024-11-10,2,1264,10.498481513713081
2024-11-10,3,1095,10.802275449010654
2024-11-10,4,1056,11.595598768939395
2024-11-10,5,966,10.512678554175293
2024-11-10,6,749,11.229999020916777
2024-11-10,7,599,11.97863592097941
2024-11-10,8,533,12.44289277673546
2024-11-10,9,184,10.83344320652174
2024-11-10,10,133,11.467494862155387
2024-11-10,11,191,9.60388970331588
2024-11-10,12,332,9.683916365461847
2024-11-10,13,662,10.479896273917422
2024-11-10,14,1139,12.076456570090722
2024-11-10,15,1625,11.749327938461537
2024-11-10,16,1996,13.250753239812958
2024-11-10,17,2306,12.773052493495229
2024-11-10,18,2318,12.781228400920334
2024-11-10,19,2507,12.068101475867572
2024-11-10,20,2470,12.39118016194332
2024-11-10,21,2441,11.840815697118668
2024-11-10,22,2000,11.411587733333334
2024-11-10,23,1676,10.46739527645187
2024-11-11,0,1273,9.604460382299031
2024-11-11,1,967,10.416670079283005
2024-11-11,2,701,9.9609137660485
2024-11-11,3,649,10.815976425269646
2024-11-11,4,516,9.714366279069768
2024-11-11,5,307,9.772615472312705
2024-11-11,6,142,11.780418896713616
2024-11-11,7,53,12.058987421383648
2024-11-11,8,59,13.110120056497175
2024-11-11,9,45,11.616535555555556
2024-11-11,10,68,9.381121323529412
2024-11-11,11,238,8.293041386554622
2024-11-11,12,1112,11.27597134292566
2024-11-11,13,2394,11.003051733500419
2024-11-11,14,1621,10.128517921036398
2024-11-11,15,1282,10.39841808372335
2024-11-11,16,1628,10.261874303849305
2024-11-11,17,1783,10.765038137969713
2024-11-11,18,1782,10.20390462962963
2024-11-11,19,1679,10.474127049831248
2024-11-11,20,1907,11.397807516168504
2024-11-11,21,2406,11.367126426988085
2024-11-11,22,3324,11.07747107902126
2024-11-11,23,2102,9.768156795115763
2024-11-12,0,1663,10.070118330326721
2024-11-12,1,1444,9.641418363342567
2024-11-12,2,1209,10.440834629170112
2024-11-12,3,745,9.401861118568233
2024-11-12,4,405,8.846177983539095
2024-11-12,5,240,8.748325833333332
2024-11-12,6,132,11.683751388888888
2024-11-12,7,66,13.54450909090909
2024-11-12,8,64,10.680601822916667
2024-11-12,9,59,10.387516101694915
2024-11-12,10,197,10.872434517766498
2024-11-12,11,612,10.04510245098039
2024-11-12,12,2095,12.348159124900556
2024-11-12,13,3744,11.368212183938747
2024-11-12,14,1936,10.507296186294765
2024-11-12,15,1336,10.977430701097804
2024-11-12,16,1715,11.391850777453838
2024-11-12,17,2030,11.038694006568145
2024-11-12,18,1879,11.052268059251373
2024-11-12,19,1781,11.169195938611267
2024-11-12,20,2297,11.250956943839793
2024-11-12,21,3323,11.892955331527737
2024-11-12,22,4160,11.393890460737179
2024-11-12,23,2957,10.696987487318227
2024-11-13,0,2135,9.888734340359095
2024-11-13,1,1679,9.935593061346038
2024-11-13,2,1352,10.059220660749506
2024-11-13,3,979,9.917710537963908
2024-11-13,4,636,10.011237971698113
2024-11-13,5,329,9.279720364741642
2024-11-13,6,180,10.691575462962962
2024-11-13,7,91,10.300422161172161
2024-11-13,8,59,12.168992655367232
2024-11-13,9,54,8.701976234567901
2024-11-13,10,182,10.153544688644688
2024-11-13,11,579,9.997154231433505
2024-11-13,12,1971,12.22761975308642
2024-11-13,13,3391,11.08066000688096
2024-11-13,14,1855,10.276821743036837
2024-11-13,15,1257,10.444110925483956
2024-11-13,16,1702,10.436611848805326
2024-11-13,17,1959,10.694690667006975
2024-11-13,18,1821,11.061656946732565
2024-11-13,19,1715,11.215899591836736
2024-11-13,20,2214,11.622834417344173
2024-11-13,21,3056,11.908279701134381
2024-11-13,22,3893,11.55021685503896
2024-11-13,23,2958,10.891161950642326
2024-11-14,0,2184,10.064833050976802
2024-11-14,1,1554,10.151295356070355
2024-11-14,2,1462,10.053568570451436
2024-11-14,3,980,9.666575901360543
2024-11-14,4,726,9.597279361799815
2024-11-14,5,391,9.377217732310315
2024-11-14,6,178,9.634731928838951
2024-11-14,7,94,9.290783510638299
2024-11-14,8,78,9.813622222222222
2024-11-14,9,69,10.806488164251208
2024-11-14,10,163,10.406082617586913
2024-11-14,11,546,9.872072832722832
2024-11-14,12,1754,12.01814154313949
2024-11-14,13,3658,11.87785636504465
2024-11-14,14,1847,9.892377179209529
2024-11-14,15,1290,10.589020839793282
2024-11-14,16,1505,10.727659446290144
2024-11-14,17,1839,10.751748966829798
2024-11-14,18,1773,10.330183417935702
2024-11-14,19,1621,10.643715340324905
2024-11-14,20,2139,11.310941351098645
2024-11-14,21,3017,11.61416309800022
2024-11-14,22,3794,11.75273569232121
2024-11-14,23,2900,10.90783156321839
2024-11-15,0,2071,10.324678882987284
2024-11-15,1,1687,10.128071132187312
2024-11-15,2,1281,10.245140046838408
2024-11-15,3,1076,9.905448822800496
2024-11-15,4,773,10.160903104786545
2024-11-15,5,507,10.080315450361605
2024-11-15,6,294,10.79079013605442
2024-11-15,7,154,9.788806493506494
2024-11-15,8,134,11.045716666666666
2024-11-15,9,86,12.042877325581394
2024-11-15,10,142,9.844888615023473
2024-11-15,11,502,9.496465936254978
2024-11-15,12,1421,11.098336371100165
2024-11-15,13,2347,10.68409276381196
2024-11-15,14,1704,10.230258499608764
2024-11-15,15,1295,10.753102586872586
2024-11-15,16,1672,10.502465600079745
2024-11-15,17,2158,11.18054578313253
2024-11-15,18,2189,11.377171729861429
2024-11-15,19,2214,12.053845656428788
2024-11-15,20,2660,12.11122421679198
2024-11-15,21,3234,12.193599561945991
2024-11-15,22,3417,11.586470968685983
2024-11-15,23,2809,11.340219538388512
2024-11-16,0,2329,11.137808780592529
2024-11-16,1,1762,11.069489803253878
2024-11-16,2,1393,11.020942019621918
2024-11-16,3,1166,10.978502715837621
2024-11-16,4,1089,11.74497095194368
2024-11-16,5,843,11.321818307631474
2024-11-16,6,724,12.128447905156538
2024-11-16,7,483,12.74391397515528
2024-11-16,8,384,12.263627690972221
2024-11-16,9,142,10.7571161971831
2024-11-16,10,81,9.491875308641976
2024-11-16,11,128,8.862108723958332
2024-11-16,12,265,10.114541383647799
2024-11-16,13,573,10.759497236765561
2024-11-16,14,814,10.748812612612612
2024-11-16,15,1226,11.838743297988037
2024-11-16,16,1575,13.031125142857142
2024-11-16,17,1698,13.767983657243818
2024-11-16,18,1835,13.95412540417802
2024-11-16,19,2136,13.815561243757802
2024-11-16,20,2256,13.797904078014184
2024-11-16,21,2094,13.691272126711238
2024-11-16,22,1830,12.7113162568306
2024-11-16,23,1566,13.182931375053213
2024-11-17,0,1430,11.4338627972028
2024-11-17,1,1013,11.571898453438632
2024-11-17,2,950,11.129725333333333
2024-11-17,3,874,11.85684319221968
2024-11-17,4,795,11.748661865828092
2024-11-17,5,669,11.254330941704037
2024-11-17,6,685,11.949494647201945
2024-11-17,7,480,13.421325451388888
2024-11-17,8,418,12.663322767145136
2024-11-17,9,166,12.42625983935743
2024-11-17,10,110,9.556215606060606
2024-11-17,11,93,9.529601612903225
2024-11-17,12,218,10.06847102446483
2024-11-17,13,430,10.578100620155038
2024-11-17,14,733,11.357792905866301
2024-11-17,15,1085,11.580309278033795
2024-11-17,16,1302,12.763261085509471
2024-11-17,17,1461,13.5408416495551
2024-11-17,18,1606,13.541626494396015
2024-11-17,19,1620,12.81207980452675
2024-11-17,20,1673,12.643836700537957
2024-11-17,21,1504,11.208968982712765
2024-11-17,22,1369,11.62887823228634
2024-11-17,23,1198,10.797105717863106
2024-11-18,0,974,10.873145568104038
2024-11-18,1,794,10.715058774139377
2024-11-18,2,576,10.60416724537037
2024-11-18,3,517,10.207741908446163
2024-11-18,4,392,10.461969770408164
2024-11-18,5,239,9.763169456066946
2024-11-18,6,116,11.667135488505746
2024-11-18,7,59,10.437864689265536
2024-11-18,8,39,8.993629914529915
2024-11-18,9,37,10.107036036036035
2024-11-18,10,117,9.96361225071225
2024-11-18,11,340,10.29469362745098
2024-11-18,12,1057,11.950001482182277
2024-11-18,13,2101,11.397415587815326
2024-11-18,14,1219,10.369900683620454
2024-11-18,15,905,10.395786519337015
2024-11-18,16,1179,10.861218306474411
2024-11-18,17,1255,10.734899800796812
2024-11-18,18,1293,11.018986246455272
2024-11-18,19,1225,11.12925038095238
2024-11-18,20,1541,11.795726757516764
2024-11-18,21,2139,11.77581252921926
2024-11-18,22,2650,11.662387874213836
2024-11-18,23,1984,10.609537021169354
2024-11-19,0,1487,9.737515489800494
2024-11-19,1,1134,10.52559356261023
2024-11-19,2,875,9.825752838095239
2024-11-19,3,702,10.3194069325736
2024-11-19,4,413,10.302330145278452
2024-11-19,5,263,8.865570849176173
2024-11-19,6,132,11.180464015151514
2024-11-19,7,66,12.646586363636365
2024-11-19,8,40,9.20012
2024-11-19,9,51,11.832762745098039
2024-11-19,10,119,9.666498319327731
2024-11-19,11,397,9.688482913518051
2024-11-19,12,1324,12.944402404330313
2024-11-19,13,2583,12.362693992773261
2024-11-19,14,1334,11.407855822088955
2024-11-19,15,838,11.579898468575976
2024-11-19,16,1073,11.51375
2024-11-19,17,1261,11.853275270948982
2024-11-19,18,1233,11.788965152743986
2024-11-19,19,1219,12.030670071096528
2024-11-19,20,1522,12.361437242663163
2024-11-19,21,2165,12.724824195535026
2024-11-19,22,3004,12.028595450510432
2024-11-19,23,2198,11.434665188049742
2024-11-20,0,1501,10.727927770375306
2024-11-20,1,1274,10.811255808477236
2024-11-20,2,983,10.863267616141066
2024-11-20,3,737,10.815374830393486
2024-11-20,4,463,10.835202663786898
2024-11-20,5,272,10.402658333333333
2024-11-20,6,106,11.000297012578617
2024-11-20,7,74,10.809426801801802
2024-11-20,8,68,13.123701470588236
2024-11-20,9,49,10.810909523809523
2024-11-20,10,111,10.069903453453453
2024-11-20,11,402,10.531093988391374
2024-11-20,12,1220,12.467848360655738
2024-11-20,13,2281,11.690913232500364
2024-11-20,14,1236,11.108626779935275
2024-11-20,15,835,10.965269680638723
2024-11-20,16,1052,10.837560472116602
2024-11-20,17,1235,11.461089838056681
2024-11-20,18,1145,11.136884585152838
2024-11-20,19,1084,11.142276230012298
2024-11-20,20,1442,11.640514170134074
2024-11-20,21,2033,12.269335645187736
2024-11-20,22,2663,12.36965128927275
2024-11-20,23,2088,11.389121208492975
2024-11-21,0,1502,10.866074678206834
2024-11-21,1,1220,10.377065846994535
2024-11-21,2,959,11.390665954118873
2024-11-21,3,735,9.984458321995465
2024-11-21,4,520,11.147616185897437
2024-11-21,5,286,10.274247785547784
2024-11-21,6,148,11.60528581081081
2024-11-21,7,67,11.890758457711444
2024-11-21,8,66,11.682415909090908
2024-11-21,9,45,10.059015555555554
2024-11-21,10,113,10.145477876106195
2024-11-21,11,364,10.755215567765566
2024-11-21,12,1141,12.299260239555945
2024-11-21,13,2220,11.339473776276275
2024-11-21,14,1320,10.602308042929293
2024-11-21,15,824,10.971993062297734
2024-11-21,16,1015,10.816253875205255
2024-11-21,17,1187,10.796471173827577
2024-11-21,18,1125,10.802946237037036
2024-11-21,19,926,11.2825094312455
2024-11-21,20,1253,11.254156690609205
2024-11-21,21,1805,11.777912271468145
2024-11-21,22,2249,12.229939758411145
2024-11-21,23,1836,11.465466049382714
2024-11-22,0,1395,10.946614348864994
2024-11-22,1,1106,10.833633137432189
2024-11-22,2,981,10.376405113829426
2024-11-22,3,603,10.91323872305141
2024-11-22,4,401,10.267087738985866
2024-11-22,5,311,10.655711254019293
2024-11-22,6,212,11.249222720125786
2024-11-22,7,109,12.237972171253823
2024-11-22,8,72,11.889650462962964
2024-11-22,9,51,12.069937254901962
2024-11-22,10,92,9.15932445652174
2024-11-22,11,256,9.627343229166666
2024-11-22,12,513,10.600309746588692
2024-11-22,13,904,10.410990468289086
2024-11-22,14,716,9.570892993482312
2024-11-22,15,526,9.593953326996198
2024-11-22,16,768,10.226432877604166
2024-11-22,17,1029,11.027135034013606
2024-11-22,18,1160,10.419867212643679
2024-11-22,19,1193,11.282011986588433
2024-11-22,20,1423,11.9431
2024-11-22,21,1722,11.735073732094463
2024-11-22,22,1959,11.796010013612387
2024-11-22,23,1691,11.914539542676916
2024-11-23,0,1395,11.650220143369175
2024-11-23,1,1090,11.405960749235476
2024-11-23,2,905,10.862200497237568
2024-11-23,3,772,10.792950993091537
2024-11-23,4,697,11.58137656623625
2024-11-23,5,665,11.120715538847117
2024-11-23,6,545,12.917407278287461
2024-11-23,7,387,12.753744401378121
2024-11-23,8,301,12.49722369878184
2024-11-23,9,122,12.470761885245901
2024-11-23,10,82,11.305653252032519
2024-11-23,11,128,11.198914583333332
2024-11-23,12,254,10.943248687664042
2024-11-23,13,528,11.340364772727272
2024-11-23,14,721,10.87333693943597
2024-11-23,15,952,12.076464075630254
2024-11-23,16,1094,11.54361998781231
2024-11-23,17,1223,12.667528536385936
2024-11-23,18,1351,13.221320799407847
2024-11-23,19,1398,12.937246614210778
2024-11-23,20,1362,13.257640222711698
2024-11-23,21,1385,12.9551753188929
2024-11-23,22,1269,12.565185342789597
2024-11-23,23,1170,12.642156937321937
2024-11-24,0,1045,11.8321358692185
2024-11-24,1,824,11.508937884304206
2024-11-24,2,761,11.77656097240473
2024-11-24,3,681,12.547630861478217
2024-11-24,4,629,11.021936327503974
2024-11-24,5,532,12.02649028822055
2024-11-24,6,460,12.943680144927535
2024-11-24,7,370,12.959248108108108
2024-11-24,8,278,14.260892805755395
2024-11-24,9,123,13.966514905149051
2024-11-24,10,75,10.468135111111112
2024-11-24,11,101,9.549944389438945
2024-11-24,12,175,10.892754571428572
2024-11-24,13,312,10.399149786324786
2024-11-24,14,533,10.91992789243277
2024-11-24,15,747,11.15226427933958
2024-11-24,16,878,11.269511977980258
2024-11-24,17,1016,11.115869160104985
2024-11-24,18,1025,11.818496455284553
2024-11-24,19,1045,11.334565789473684
2024-11-24,20,1108,11.775994178700362
2024-11-24,21,1110,11.850252327327327
2024-11-24,22,959,11.134324104970455
2024-11-24,23,859,11.322711214590607
2024-11-25,0,646,10.99857007223942
2024-11-25,1,506,11.454553886693018
2024-11-25,2,463,10.29097631389489
2024-11-25,3,350,10.162362428571429
2024-11-25,4,284,9.151938028169013
2024-11-25,5,153,8.717154575163399
2024-11-25,6,83,11.169541967871487
2024-11-25,7,46,10.986583695652174
2024-11-25,8,35,10.487695714285714
2024-11-25,9,29,12.324254022988505
2024-11-25,10,78,11.17692264957265
2024-11-25,11,283,10.14542785630153
2024-11-25,12,784,11.98292400085034
2024-11-25,13,1495,11.512604671125974
2024-11-25,14,859,10.492864163756307
2024-11-25,15,627,11.217330808080808
2024-11-25,16,697,11.070439933046389
2024-11-25,17,977,11.036297731149778
2024-11-25,18,892,10.7236480754858
2024-11-25,19,868,11.305821678187405
2024-11-25,20,1092,11.96980405982906
2024-11-25,21,1519,12.652226135615535
2024-11-25,22,1972,12.06551091954023
2024-11-25,23,1497,11.208762024048099
2024-11-26,0,1139,9.87026319871232
2024-11-26,1,796,11.487887688442212
2024-11-26,2,686,10.39552954324587
2024-11-26,3,501,10.621517232202262
2024-11-26,4,350,11.109054380952381
2024-11-26,5,157,9.958513694267516
2024-11-26,6,90,12.49534537037037
2024-11-26,7,39,10.037963247863248
2024-11-26,8,27,8.553511111111112
2024-11-26,9,23,11.932098550724637
2024-11-26,10,75,10.490850444444446
2024-11-26,11,289,10.078878489042676
2024-11-26,12,801,12.274926383687058
2024-11-26,13,1289,11.166917119213862
2024-11-26,14,417,9.96569240607514
2024-11-26,15,308,8.477151677489177
2024-11-26,16,404,10.224353176567657
2024-11-26,17,443,10.264128781038375
2024-11-26,18,451,9.699121396895787
2024-11-26,19,550,10.22244309090909
2024-11-26,20,661,11.324748436712055
2024-11-26,21,1037,12.909020957891352
2024-11-26,22,1543,12.544610131777922
2024-11-26,23,1247,11.671094573643412
2024-11-27,0,949,11.0542590972954
2024-11-27,1,738,11.927886201445348
2024-11-27,2,629,11.469538632750396
2024-11-27,3,480,10.20134309027778
2024-11-27,4,347,11.182476801152738
2024-11-27,5,171,10.086683723196881
2024-11-27,6,81,12.19435205761317
2024-11-27,7,41,11.575950406504065
2024-11-27,8,38,11.66297149122807
2024-11-27,9,35,9.609470476190475
2024-11-27,10,84,10.216655753968254
2024-11-27,11,259,10.778141119691119
2024-11-27,12,812,13.414701395730706
2024-11-27,13,1549,12.226917817947061
2024-11-27,14,923,11.123584814012277
2024-11-27,15,648,10.952536728395062
2024-11-27,16,704,11.281672182765151
2024-11-27,17,844,11.41154524091627
2024-11-27,18,789,11.272326679340939
2024-11-27,19,745,11.653397583892616
2024-11-27,20,929,12.593553139576606
2024-11-27,21,1315,13.462006223067174
2024-11-27,22,1972,13.646240576402974
2024-11-27,23,1738,14.67011374184887
2024-11-28,0,1037,11.748125715204115
2024-11-28,1,753,11.462836874723328
2024-11-28,2,678,11.967129621435596
2024-11-28,3,486,11.149678600823044
2024-11-28,4,321,10.227620716510904
2024-11-28,5,187,10.529388502673797
2024-11-28,6,101,10.262383003300329
2024-11-28,7,48,13.428581944444444
2024-11-28,8,42,12.441479365079365
2024-11-28,9,38,10.51019605263158
2024-11-28,10,71,10.753874178403757
2024-11-28,11,253,11.19029492753623
2024-11-28,12,717,12.911475546257554
2024-11-28,13,1367,12.497710972933431
2024-11-28,14,760,10.638710964912281
2024-11-28,15,437,11.089934820747521
2024-11-28,16,393,10.869467217981342
2024-11-28,17,437,11.172913768115942
2024-11-28,18,431,11.241944354215004
2024-11-28,19,400,10.702578958333334
2024-11-28,20,516,11.777614599483204
2024-11-28,21,778,12.28908324764353
2024-11-28,22,1022,13.09951764514025
2024-11-28,23,853,12.277830617428682
2024-11-29,0,607,12.59985483250961
2024-11-29,1,472,11.473593961864408
2024-11-29,2,434,11.826312788018432
2024-11-29,3,376,12.934581294326241
2024-11-29,4,295,12.28463395480226
2024-11-29,5,201,10.581370895522388
2024-11-29,6,146,13.984669863013698
2024-11-29,7,76,13.945792324561404
2024-11-29,8,54,11.813362037037038
2024-11-29,9,31,11.033978494623657
2024-11-29,10,56,12.208315773809526
2024-11-29,11,188,12.242630673758866
2024-11-29,12,433,13.167946920708237
2024-11-29,13,745,12.550660223713646
2024-11-29,14,508,11.851873261154857
2024-11-29,15,438,12.977063318112632
2024-11-29,16,451,13.13029660014782
2024-11-29,17,513,13.48892290448343
2024-11-29,18,558,13.13720943847073
2024-11-29,19,597,12.97134271356784
2024-11-29,20,703,12.838378994784259
2024-11-29,21,857,13.351103558926487
2024-11-29,22,966,13.612569841269842
2024-11-29,23,816,13.425441973039215
2024-11-30,0,678,13.314520009832842
2024-11-30,1,512,12.17219033203125
2024-11-30,2,405,12.305890534979424
2024-11-30,3,358,12.666701955307262
2024-11-30,4,302,12.198657395143488
2024-11-30,5,240,12.255469583333333
2024-11-30,6,234,14.172744871794873
2024-11-30,7,153,16.74560642701525
2024-11-30,8,155,14.29648440860215
2024-11-30,9,80,14.625697083333332
2024-11-30,10,40,15.23215875
2024-11-30,11,70,11.887913809523809
2024-11-30,12,121,10.204487741046833
2024-11-30,13,233,11.795902288984264
2024-11-30,14,367,11.855018755676658
2024-11-30,15,442,12.300661085972852
2024-11-30,16,479,12.53378176757133
2024-11-30,17,564,13.069296394799053
2024-11-30,18,607,14.33406674903899
2024-11-30,19,650,14.840576743589745
2024-11-30,20,692,14.469024590558766
2024-11-30,21,765,14.218033355119823
2024-11-30,22,614,13.73957342562432
2024-11-30,23,556,13.511209682254197
2024-12-01,0,427,13.879362724434035
2024-12-01,1,366,13.307053142076501
2024-12-01,2,298,13.806899049217003
2024-12-01,3,272,12.82515018382353
2024-12-01,4,256,12.893273697916667
2024-12-01,5,192,12.338556076388889
2024-12-01,6,171,13.7884626705653
2024-12-01,7,166,13.304834738955822
2024-12-01,8,118,14.178251412429379
2024-12-01,9,59,13.414395197740113
2024-12-01,10,39,14.762343162393163
2024-12-01,11,64,9.790408333333334
2024-12-01,12,77,12.31163051948052
2024-12-01,13,159,11.003413731656185
2024-12-01,14,270,11.513468950617284
2024-12-01,15,330,13.00409686868687
2024-12-01,16,403,13.521088378825477
2024-12-01,17,459,13.48624589687727
2024-12-01,18,537,12.841167380509
2024-12-01,19,496,14.070977452956988
2024-12-01,20,494,13.702566869095817
2024-12-01,21,480,13.264956944444444
2024-12-01,22,430,14.174482093023256
2024-12-01,23,390,12.8654802991453
2024-12-02,0,263,12.962042141951837
2024-12-02,1,213,12.904295226917057
2024-12-02,2,161,14.041032194616976
2024-12-02,3,130,12.054154743589743
2024-12-02,4,109,11.23296146788991
2024-12-02,5,72,12.696125231481481
2024-12-02,6,38,15.375960087719298
2024-12-02,7,27,16.589432716049384
2024-12-02,8,23,12.374936231884059
2024-12-02,9,20,11.23889
2024-12-02,10,46,14.207155072463769
2024-12-02,11,164,11.959097357723577
2024-12-02,12,407,14.764816830466831
2024-12-02,13,780,13.93771106837607
2024-12-02,14,391,11.498415984654732
2024-12-02,15,264,14.072803156565657
2024-12-02,16,331,13.165043705941592
2024-12-02,17,447,14.082513385533183
2024-12-02,18,400,12.840499208333334
2024-12-02,19,456,12.969395942982455
2024-12-02,20,528,13.461823106060606
2024-12-02,21,761,14.417607183530443
2024-12-02,22,989,13.87252404785979
2024-12-02,23,667,12.943994777611193
2024-12-03,0,486,12.948323456790124
2024-12-03,1,379,12.514662884784519
2024-12-03,2,310,12.81828172043011
2024-12-03,3,204,12.078600490196077
2024-12-03,4,134,10.931664800995026
2024-12-03,5,70,11.431936904761905
2024-12-03,6,29,13.938477011494252
2024-12-03,7,18,13.164193518518518
2024-12-03,8,20,12.9500325
2024-12-03,9,12,12.96626111111111
2024-12-03,10,43,13.394680232558137
2024-12-03,11,173,13.417004913294798
2024-12-03,12,540,15.53317549382716
2024-12-03,13,978,14.371440712338105
2024-12-03,14,485,12.810400481099656
2024-12-03,15,294,12.904461507936508
2024-12-03,16,354,13.60788752354049
2024-12-03,17,422,12.323285466034756
2024-12-03,18,450,11.862861444444444
2024-12-03,19,409,12.537083414832926
2024-12-03,20,511,13.211478897586433
2024-12-03,21,849,14.177858205732234
2024-12-03,22,1087,14.712858524992333
2024-12-03,23,810,13.345101419753085
2024-12-04,0,512,13.051949902343749
2024-12-04,1,416,13.87560765224359
2024-12-04,2,342,12.24698425925926
2024-12-04,3,231,12.035680880230881
2024-12-04,4,146,10.810977853881278
2024-12-04,5,90,11.95862685185185
2024-12-04,6,53,14.697221383647799
2024-12-04,7,15,15.367563333333333
2024-12-04,8,21,14.430913492063492
2024-12-04,9,15,13.100136666666666
2024-12-04,10,42,13.955887301587303
2024-12-04,11,150,12.515772444444446
2024-12-04,12,506,14.760432971014492
2024-12-04,13,966,13.842818443754313
2024-12-04,14,446,12.920933893871448
2024-12-04,15,294,12.559397619047619
2024-12-04,16,320,12.894191302083334
2024-12-04,17,370,12.571389954954956
2024-12-04,18,373,12.695666711349418
2024-12-04,19,351,13.213668803418805
2024-12-04,20,348,13.467326293103447
2024-12-04,21,534,15.21711320224719
2024-12-04,22,639,15.596721622326552
2024-12-04,23,432,14.668181327160493
2024-12-05,0,324,13.635312448559672
2024-12-05,1,305,15.92549650273224
2024-12-05,2,218,12.133872553516818
2024-12-05,3,135,13.380818888888887
2024-12-05,4,103,13.42839352750809
2024-12-05,5,73,13.81461803652968
2024-12-05,6,29,14.629786781609196
2024-12-05,7,20,19.00864166666667
2024-12-05,8,22,14.034401515151513
2024-12-05,9,6,12.934047222222224
2024-12-05,10,41,15.77939674796748
2024-12-05,11,125,13.244740666666667
2024-12-05,12,259,18.32950057915058
2024-12-05,13,482,17.488887344398343
2024-12-05,14,284,13.317389612676056
2024-12-05,15,196,14.882621343537416
2024-12-05,16,253,14.238615876152833
2024-12-05,17,263,14.595095120405576
2024-12-05,18,264,13.498675883838384
2024-12-05,19,240,12.785750833333333
2024-12-05,20,329,14.143848176291792
2024-12-05,21,564,14.613341725768322
2024-12-05,22,667,14.984740454772615
2024-12-05,23,516,15.071137790697673
2024-12-06,0,353,13.564603210576017
2024-12-06,1,287,13.925419221835076
2024-12-06,2,266,12.74702230576441
2024-12-06,3,201,14.048998756218905
2024-12-06,4,145,14.031749195402298
2024-12-06,5,105,11.979974603174604
2024-12-06,6,74,17.06764707207207
2024-12-06,7,34,12.127193137254903
2024-12-06,8,38,11.010751754385964
2024-12-06,9,13,13.049597435897436
2024-12-06,10,38,16.78127894736842
2024-12-06,11,111,12.822656606606607
2024-12-06,12,246,14.415012872628726
2024-12-06,13,454,13.85365069750367
2024-12-06,14,313,11.949483067092652
2024-12-06,15,218,12.640238302752294
2024-12-06,16,292,12.187304680365296
2024-12-06,17,355,13.923592910798122
2024-12-06,18,328,14.683689126016262
2024-12-06,19,313,14.040725665601704
2024-12-06,20,399,13.595623558897243
2024-12-06,21,462,14.026848953823954
2024-12-06,22,538,13.949106319702603
2024-12-06,23,431,13.668620920340294
2024-12-07,0,352,14.014219696969697
2024-12-07,1,284,11.969973884976525
2024-12-07,2,202,12.689903217821783
2024-12-07,3,174,13.476742528735631
2024-12-07,4,148,12.566554842342343
2024-12-07,5,146,11.842322260273972
2024-12-07,6,121,15.465732231404958
2024-12-07,7,86,15.659574031007752
2024-12-07,8,55,14.854290606060607
2024-12-07,9,44,17.13454015151515
2024-12-07,10,20,12.680054166666666
2024-12-07,11,33,11.767753535353535
2024-12-07,12,62,11.703394086021504
2024-12-07,13,135,13.088862469135801
2024-12-07,14,190,11.943165877192982
2024-12-07,15,224,11.678591666666666
2024-12-07,16,284,14.179598474178404
2024-12-07,17,335,14.872868109452735
2024-12-07,18,364,13.861876968864468
2024-12-07,19,382,13.810235078534031
2024-12-07,20,383,13.924263968668406
2024-12-07,21,366,14.221851821493624
2024-12-07,22,327,14.548368654434253
2024-12-07,23,308,13.938307683982684
2024-12-08,0,257,14.166597276264593
2024-12-08,1,151,13.994499558498898
2024-12-08,2,121,14.287412809917354
2024-12-08,3,95,17.21524701754386
2024-12-08,4,79,14.386729746835442
2024-12-08,5,76,14.043510964912281
2024-12-08,6,65,18.707394102564102
2024-12-08,7,42,17.34644404761905
2024-12-08,8,30,17.228060555555555
2024-12-08,9,23,16.038839130434784
2024-12-08,10,15,14.932325555555558
2024-12-08,11,16,12.357058333333335
2024-12-08,12,22,12.935994696969697
2024-12-08,13,68,14.782301225490198
2024-12-08,14,90,13.601525555555556
2024-12-08,15,150,13.69478811111111
2024-12-08,16,183,14.824310564663024
2024-12-08,17,221,16.367366666666666
2024-12-08,18,266,15.924190852130327
2024-12-08,19,289,16.036297174163785
2024-12-08,20,271,16.679834071340714
2024-12-08,21,274,16.027862530413625
2024-12-08,22,248,15.604942405913977
2024-12-08,23,233,15.183167238912732
2024-12-09,0,198,14.758810521885522
2024-12-09,1,152,13.816870942982458
2024-12-09,2,112,12.374776041666667
2024-12-09,3,110,14.64139409090909
2024-12-09,4,72,14.778154166666667
2024-12-09,5,44,12.755085227272728
2024-12-09,6,23,11.83126884057971
2024-12-09,7,22,14.79472121212121
2024-12-09,8,13,10.343632051282052
2024-12-09,9,9,11.721738888888888
2024-12-09,10,28,18.564333333333334
2024-12-09,11,107,12.451866355140186
2024-12-09,12,310,17.002119892473118
2024-12-09,13,568,15.076738233568074
2024-12-09,14,283,12.35871077738516
2024-12-09,15,178,11.452856179775281
2024-12-09,16,209,13.145391866028708
2024-12-09,17,246,14.10786815718157
2024-12-09,18,210,12.798049761904762
2024-12-09,19,184,13.878164855072464
2024-12-09,20,257,16.15413767833982
2024-12-09,21,427,14.775003551912567
2024-12-09,22,542,15.754691205412053
2024-12-09,23,310,13.838733440860215
2024-12-10,0,195,14.909384700854702
2024-12-10,1,143,14.269269347319346
2024-12-10,2,115,16.54094492753623
2024-12-10,3,86,13.129102131782945
2024-12-10,4,55,12.600698484848484
2024-12-10,5,35,13.788785714285714
2024-12-10,6,18,21.372675
2024-12-10,7,10,11.407071666666667
2024-12-10,8,10,9.015731666666667
2024-12-10,9,9,19.12006111111111
2024-12-10,10,23,10.40959347826087
2024-12-10,11,84,13.976680753968253
2024-12-10,12,236,17.097148375706215
2024-12-10,13,488,15.909331147540984
2024-12-10,14,271,13.468617835178353
2024-12-10,15,133,14.761437719298245
2024-12-10,16,165,15.992180808080809
2024-12-10,17,216,15.229372067901235
2024-12-10,18,210,13.680725634920634
2024-12-10,19,171,13.944589863547758
2024-12-10,20,298,15.456451230425055
2024-12-10,21,488,16.79485225409836
2024-12-10,22,618,15.812220873786407
2024-12-10,23,454,14.492161600587371
2024-12-11,0,230,13.192134565217392
2024-12-11,1,132,12.829864267676767
2024-12-11,2,158,12.622619514767932
2024-12-11,3,126,14.174475793650794
2024-12-11,4,70,14.042824761904763
2024-12-11,5,36,11.333537037037038
2024-12-11,6,18,15.014512037037036
2024-12-11,7,14,18.780405952380953
2024-12-11,8,9,14.69839259259259
2024-12-11,9,10,8.486418333333333
2024-12-11,10,24,15.145238194444445
2024-12-11,11,93,13.175928136200717
2024-12-11,12,232,13.677470977011494
2024-12-11,13,320,13.571648072916668
2024-12-11,14,180,10.991800555555557
2024-12-11,15,112,12.182728720238094
2024-12-11,16,149,12.471158612975392
2024-12-11,17,162,12.417916666666667
2024-12-11,18,178,11.496928558052433
2024-12-11,19,164,11.145067479674797
2024-12-11,20,212,13.341360927672955
2024-12-11,21,389,14.74216910882605
2024-12-11,22,426,14.04524432707355
2024-12-11,23,263,12.917531558935362
2024-12-12,0,161,12.906844513457557
2024-12-12,1,179,12.283342364990688
2024-12-12,2,108,12.827064043209877
2024-12-12,3,113,13.359075516224188
2024-12-12,4,81,12.459942181069959
2024-12-12,5,48,11.230752430555556
2024-12-12,6,25,13.787026666666666
2024-12-12,7,23,15.576223188405796
2024-12-12,8,17,10.523027450980393
2024-12-12,9,16,13.98815625
2024-12-12,10,28,9.140782738095238
2024-12-12,11,98,10.546975340136054
2024-12-12,12,313,14.635857241746539
2024-12-12,13,591,14.517808544839255
2024-12-12,14,279,13.651525089605736
2024-12-12,15,218,12.365960932721713
2024-12-12,16,208,13.649862259615386
2024-12-12,17,254,14.410803083989501
2024-12-12,18,274,12.58758010948905
2024-12-12,19,251,13.32843187250996
2024-12-12,20,284,13.880382394366197
2024-12-12,21,469,15.995266702203269
2024-12-12,22,574,14.15126631823461
2024-12-12,23,437,14.536511556064074
2024-12-13,0,291,13.90883602520046
2024-12-13,1,215,11.850794031007752
2024-12-13,2,211,12.385590284360187
2024-12-13,3,175,11.191936857142858
2024-12-13,4,127,13.194785301837271
2024-12-13,5,91,12.2500184981685
2024-12-13,6,47,17.03677021276596
2024-12-13,7,42,16.297161111111112
2024-12-13,8,33,12.935117676767677
2024-12-13,9,13,10.14831794871795
2024-12-13,10,30,11.473019444444445
2024-12-13,11,87,11.199691187739463
2024-12-13,12,244,13.901854849726774
2024-12-13,13,404,13.520712706270626
2024-12-13,14,263,12.041271863117872
2024-12-13,15,192,11.85631388888889
2024-12-13,16,250,14.230623399999999
2024-12-13,17,312,13.590453952991453
2024-12-13,18,321,13.54862268951194
2024-12-13,19,294,12.914891099773243
2024-12-13,20,342,14.039720711500975
2024-12-13,21,411,14.433089821573398
2024-12-13,22,470,14.939696134751774
2024-12-13,23,388,15.234167783505155
2024-12-14,0,282,14.010443144208038
2024-12-14,1,246,13.126908265582655
2024-12-14,2,189,13.858414109347443
2024-12-14,3,173,13.411367919075145
2024-12-14,4,142,12.487256455399063
2024-12-14,5,144,12.967585532407407
2024-12-14,6,120,16.341929305555556
2024-12-14,7,106,15.310054088050315
2024-12-14,8,67,14.2730315920398
2024-12-14,9,29,11.480281609195403
2024-12-14,10,25,12.982504666666665
2024-12-14,11,29,12.888316666666666
2024-12-14,12,44,13.873929924242423
2024-12-14,13,95,12.644715263157893
2024-12-14,14,152,11.707590460526315
2024-12-14,15,215,11.71019968992248
2024-12-14,16,228,13.326629385964912
2024-12-14,17,302,15.086772295805739
2024-12-14,18,302,14.264532450331124
2024-12-14,19,351,15.257278632478632
2024-12-14,20,319,14.608580564263324
2024-12-14,21,318,15.598518448637316
2024-12-14,22,297,13.24969758698092
2024-12-14,23,264,14.377738068181818
2024-12-15,0,206,14.173236650485435
2024-12-15,1,181,15.095198802946593
2024-12-15,2,177,15.365560922787195
2024-12-15,3,123,12.040095528455284
2024-12-15,4,115,13.937454057971014
2024-12-15,5,117,10.799338176638177
2024-12-15,6,71,13.374074178403756
2024-12-15,7,44,14.85789393939394
2024-12-15,8,63,14.853231216931217
2024-12-15,9,30,13.097749444444444
2024-12-15,10,25,12.080460666666667
2024-12-15,11,19,9.98942192982456
2024-12-15,12,29,12.142872413793103
2024-12-15,13,75,11.442534666666667
2024-12-15,14,111,12.019629129129129
2024-12-15,15,167,13.002448003992015
2024-12-15,16,185,13.217901981981983
2024-12-15,17,216,13.964916743827159
2024-12-15,18,294,14.100486451247164
2024-12-15,19,308,14.155721266233767
2024-12-15,20,289,12.595654901960785
2024-12-15,21,272,12.975739154411764
2024-12-15,22,268,13.555493097014926
2024-12-15,23,205,13.022355203252031
2024-12-16,0,145,12.081241954022989
2024-12-16,1,113,12.352818879056047
2024-12-16,2,109,13.53650244648318
2024-12-16,3,91,13.485258974358976
2024-12-16,4,55,11.034059090909091
2024-12-16,5,45,12.336545555555555
2024-12-16,6,23,14.551634057971015
2024-12-16,7,11,14.406521212121213
2024-12-16,8,15,10.760182222222223
2024-12-16,9,6,11.034102777777777
2024-12-16,10,27,12.427587654320988
2024-12-16,11,91,12.197585347985349
2024-12-16,12,233,15.785581545064378
2024-12-16,13,440,15.428197803030303
2024-12-16,14,225,13.24945837037037
2024-12-16,15,143,14.65778881118881
2024-12-16,16,204,16.063475081699348
2024-12-16,17,237,13.026040787623065
2024-12-16,18,203,13.188918719211824
2024-12-16,19,209,12.901432216905901
2024-12-16,20,267,14.652227715355805
2024-12-16,21,411,14.84186889699919
2024-12-16,22,550,14.587920181818182
2024-12-16,23,380,13.562138903508771
2024-12-17,0,287,13.690808072009292
2024-12-17,1,211,13.366221563981043
2024-12-17,2,206,13.195307605177995
2024-12-17,3,113,11.579356784660767
2024-12-17,4,82,13.822215853658536
2024-12-17,5,52,10.471135576923077
2024-12-17,6,41,13.354885365853658
2024-12-17,7,15,13.986732222222223
2024-12-17,8,14,13.749923809523809
2024-12-17,9,4,13.930599999999998
2024-12-17,10,25,9.819684666666667
2024-12-17,11,88,11.775794696969696
2024-12-17,12,329,14.593438449848025
2024-12-17,13,641,14.129850286011441
2024-12-17,14,315,12.777024126984127
2024-12-17,15,188,14.07946985815603
2024-12-17,16,191,12.526831239092497
2024-12-17,17,252,13.32415072751323
2024-12-17,18,256,12.423729817708333
2024-12-17,19,269,11.893764002478314
2024-12-17,20,330,14.38855090909091
2024-12-17,21,579,14.813143955094992
2024-12-17,22,684,14.394962524366473
2024-12-17,23,466,13.042071888412016
2024-12-18,0,300,12.675927555555555
2024-12-18,1,236,12.638741031073446
2024-12-18,2,220,11.901108409090908
2024-12-18,3,159,13.190392976939203
2024-12-18,4,130,11.643083974358975
2024-12-18,5,81,13.603737242798355
2024-12-18,6,48,14.739936458333332
2024-12-18,7,37,25.64677972972973
2024-12-18,8,22,14.426058333333334
2024-12-18,9,15,14.621956666666668
2024-12-18,10,29,10.201456896551724
2024-12-18,11,111,11.203784534534533
2024-12-18,12,322,14.811617908902692
2024-12-18,13,617,14.352710507833603
2024-12-18,14,329,12.018075177304965
2024-12-18,15,217,13.60949231950845
2024-12-18,16,248,12.308741465053762
2024-12-18,17,263,12.907707604562738
2024-12-18,18,267,12.011474656679152
2024-12-18,19,204,14.820761192810457
2024-12-18,20,224,14.34463050595238
2024-12-18,21,306,14.156116448801745
2024-12-18,22,415,14.979391566265061
2024-12-18,23,281,14.08632265717675
2024-12-19,0,209,12.205921451355662
2024-12-19,1,181,12.459594106813997
2024-12-19,2,162,10.947251028806585
2024-12-19,3,125,12.221659066666668
2024-12-19,4,101,12.23413300330033
2024-12-19,5,57,11.36976403508772
2024-12-19,6,55,14.117916969696969
2024-12-19,7,31,17.62965483870968
2024-12-19,8,25,11.134820666666666
2024-12-19,9,22,17.268886363636366
2024-12-19,10,36,11.79879074074074
2024-12-19,11,97,11.136671993127148
2024-12-19,12,264,15.566778724747476
2024-12-19,13,546,13.290906013431014
2024-12-19,14,281,11.898378054567022
2024-12-19,15,208,13.61663173076923
2024-12-19,16,247,13.312147435897435
2024-12-19,17,273,13.506805006105008
2024-12-19,18,277,13.479193441636582
2024-12-19,19,243,12.725413580246915
2024-12-19,20,295,14.699644463276837
2024-12-19,21,408,13.978529003267973
2024-12-19,22,536,13.582361536069651
2024-12-19,23,377,12.553935632183906
2024-12-20,0,253,11.723912648221344
2024-12-20,1,215,13.666788604651163
2024-12-20,2,150,12.962598444444444
2024-12-20,3,147,13.142167006802723
2024-12-20,4,113,12.644320943952803
2024-12-20,5,107,11.91703925233645
2024-12-20,6,69,14.617942512077294
2024-12-20,7,44,14.093714015151516
2024-12-20,8,34,16.5994068627451
2024-12-20,9,18,17.72764814814815
2024-12-20,10,27,12.582853703703703
2024-12-20,11,81,11.427214609053499
2024-12-20,12,179,13.999817877094973
2024-12-20,13,294,12.363158219954649
2024-12-20,14,200,11.406431333333332
2024-12-20,15,155,12.804066989247312
2024-12-20,16,209,12.142747448165869
2024-12-20,17,236,13.94382118644068
2024-12-20,18,242,14.014478719008265
2024-12-20,19,225,12.512644518518519
2024-12-20,20,287,13.139289082462254
2024-12-20,21,352,14.87825705492424
2024-12-20,22,326,14.53990235173824
2024-12-20,23,288,13.266098842592593
2024-12-21,0,191,13.485822774869112
2024-12-21,1,138,12.850654106280194
2024-12-21,2,109,11.341318501529052
2024-12-21,3,76,14.507207456140353
2024-12-21,4,76,12.09320701754386
2024-12-21,5,58,12.14479367816092
2024-12-21,6,56,17.529913988095238
2024-12-21,7,47,14.938382978723405
2024-12-21,8,29,12.869879310344826
2024-12-21,9,25,13.583492666666666
2024-12-21,10,7,7.432169047619048
2024-12-21,11,22,9.594378030303032
2024-12-21,12,37,16.973324324324324
2024-12-21,13,62,10.613878494623656
2024-12-21,14,93,11.144154301075268
2024-12-21,15,135,12.47979086419753
2024-12-21,16,152,13.98310394736842
2024-12-21,17,158,13.708204219409282
2024-12-21,18,160,14.751961875000001
2024-12-21,19,206,12.692593527508091
2024-12-21,20,180,13.927674999999999
2024-12-21,21,218,13.708314296636086
2024-12-21,22,184,13.88126367753623
2024-12-21,23,143,13.814542657342658
2024-12-22,0,92,13.01633025362319
2024-12-22,1,74,13.275896396396396
2024-12-22,2,61,11.880531693989072
2024-12-22,3,47,12.330935106382979
2024-12-22,4,61,12.733756284153007
2024-12-22,5,39,14.463323504273504
2024-12-22,6,32,11.372561458333333
2024-12-22,7,30,15.567653333333334
2024-12-22,8,20,13.23904
2024-12-22,9,12,11.891652777777779
2024-12-22,10,16,11.709376041666665
2024-12-22,11,20,9.627436666666666
2024-12-22,12,17,12.702250000000001
2024-12-22,13,38,9.795360087719297
2024-12-22,14,67,11.469528606965174
2024-12-22,15,78,10.672501923076924
2024-12-22,16,122,13.335685109289619
2024-12-22,17,137,13.640313503649635
2024-12-22,18,139,12.785306834532374
2024-12-22,19,141,13.082057565011821
2024-12-22,20,161,14.322026811594203
2024-12-22,21,139,13.607671223021583
2024-12-22,22,134,13.10371567164179
2024-12-22,23,124,12.430209811827957
2024-12-23,0,71,12.7962058685446
2024-12-23,1,51,15.207240196078432
2024-12-23,2,57,14.18400730994152
2024-12-23,3,46,10.523957971014493
2024-12-23,4,40,11.919307083333333
2024-12-23,5,27,14.001921604938271
2024-12-23,6,21,11.452427777777777
2024-12-23,7,10,15.566076666666666
2024-12-23,8,9,13.605568518518519
2024-12-23,9,10,14.215243333333333
2024-12-23,10,15,10.169654444444443
2024-12-23,11,45,12.647815555555555
2024-12-23,12,79,13.02232194092827
2024-12-23,13,129,12.741899095607234
2024-12-23,14,84,11.985175396825397
2024-12-23,15,110,13.429843333333334
2024-12-23,16,135,13.307292469135803
2024-12-23,17,145,13.531120574712645
2024-12-23,18,161,13.212902795031056
2024-12-23,19,165,14.03139484848485
2024-12-23,20,160,13.924861041666668
2024-12-23,21,252,13.642993783068782
2024-12-23,22,208,13.331900080128205
2024-12-23,23,171,14.21231306042885
2024-12-24,0,106,10.412053773584905
2024-12-24,1,71,13.119271361502348
2024-12-24,2,35,17.551013333333334
2024-12-24,3,26,13.055891666666668
2024-12-24,4,28,13.805895833333334
2024-12-24,5,22,14.387810606060606
2024-12-24,6,12,18.813055555555554
2024-12-24,7,5,10.73473
2024-12-24,8,6,16.096233333333334
2024-12-24,9,4,24.044670833333335
2024-12-24,10,15,18.468714444444444
2024-12-24,11,22,10.954707575757576
2024-12-24,12,22,13.28859696969697
2024-12-24,13,49,12.065945578231293
2024-12-24,14,54,15.626997530864198
2024-12-24,15,63,15.653809523809523
2024-12-24,16,71,13.428021830985916
2024-12-24,17,77,14.017638528138528
2024-12-24,18,111,13.789424174174174
2024-12-24,19,108,14.046502777777778
2024-12-24,20,99,15.204657407407407
2024-12-24,21,107,13.728216199376947
2024-12-24,22,78,13.669596581196583
2024-12-24,23,66,14.545062626262627
2024-12-25,0,34,14.175142156862746
2024-12-25,1,27,13.93196049382716
2024-12-25,2,19,14.723342105263157
2024-12-25,3,11,18.199181818181817
2024-12-25,4,25,21.754717999999997
2024-12-25,5,28,12.019258333333335
2024-12-25,6,26,15.057707692307693
2024-12-25,7,16,12.19739375
2024-12-25,8,16,18.571606250000002
2024-12-25,9,6,10.738455555555555
2024-12-25,10,2,15.890441666666666
2024-12-25,11,9,8.718627777777776
2024-12-25,12,6,9.875391666666667
2024-12-25,13,20,13.493648333333335
2024-12-25,14,15,16.350183333333334
2024-12-25,15,28,18.321954166666668
2024-12-25,16,48,15.758239930555556
2024-12-25,17,52,13.599790705128205
2024-12-25,18,61,14.875011748633879
2024-12-25,19,52,15.847803205128205
2024-12-25,20,60,15.204813333333334
2024-12-25,21,67,16.230977114427862
2024-12-25,22,51,14.267987908496732
2024-12-25,23,38,16.060352631578947
2024-12-26,0,37,17.993376126126126
2024-12-26,1,19,14.28049649122807
2024-12-26,2,31,15.331302688172043
2024-12-26,3,24,16.421238194444445
2024-12-26,4,27,17.036655555555555
2024-12-26,5,23,15.006280434782608
2024-12-26,6,15,12.30110111111111
2024-12-26,7,7,13.41090238095238
2024-12-26,8,5,19.249246666666668
2024-12-26,9,4,9.7699875
2024-12-26,10,5,10.444123333333334
2024-12-26,11,14,10.623646428571428
2024-12-26,12,21,13.123676984126984
2024-12-26,13,24,9.680628472222223
2024-12-26,14,42,14.228847619047619
2024-12-26,15,50,12.740592333333334
2024-12-26,16,54,19.425895679012346
2024-12-26,17,68,14.922550980392158
2024-12-26,18,81,14.009942386831275
2024-12-26,19,92,14.59280634057971
2024-12-26,20,77,13.739029004329005
2024-12-26,21,95,15.655268070175438
2024-12-26,22,97,13.930507216494846
2024-12-26,23,92,13.410094746376812
2024-12-27,0,54,13.616907098765433
2024-12-27,1,70,13.226683095238094
2024-12-27,2,42,12.643796825396825
2024-12-27,3,34,13.308096078431374
2024-12-27,4,23,12.75470579710145
2024-12-27,5,19,12.986232456140351
2024-12-27,6,12,13.010395833333334
2024-12-27,7,17,17.349236274509806
2024-12-27,8,13,14.701603846153846
2024-12-27,9,4,17.55837083333333
2024-12-27,10,15,10.008497777777778
2024-12-27,11,36,12.246119444444444
2024-12-27,12,41,11.444639837398373
2024-12-27,13,65,13.231144358974358
2024-12-27,14,67,15.137391542288558
2024-12-27,15,80,12.551877291666667
2024-12-27,16,106,13.862969182389936
2024-12-27,17,101,14.638835478547854
2024-12-27,18,114,13.288919005847953
2024-12-27,19,123,14.586074661246613
2024-12-27,20,118,14.66916906779661
2024-12-27,21,123,14.688270460704606
2024-12-27,22,141,14.847651536643026
2024-12-27,23,134,14.972775870646766
2024-12-28,0,73,14.85492785388128
2024-12-28,1,70,13.31978
2024-12-28,2,55,11.24363090909091
2024-12-28,3,54,14.30252160493827
2024-12-28,4,33,12.732483333333333
2024-12-28,5,30,11.784956666666666
2024-12-28,6,25,15.700202666666666
2024-12-28,7,21,10.059565079365079
2024-12-28,8,16,10.301958333333333
2024-12-28,9,7,19.189233333333334
2024-12-28,10,11,12.333031818181816
2024-12-28,11,23,9.948139130434782
2024-12-28,12,20,11.699399166666668
2024-12-28,13,34,11.679920588235294
2024-12-28,14,69,11.228462801932366
2024-12-28,15,74,10.858292567567567
2024-12-28,16,86,14.94928565891473
2024-12-28,17,104,13.108177724358976
2024-12-28,18,112,13.70206011904762
2024-12-28,19,112,16.77079880952381
2024-12-28,20,98,13.310689285714286
2024-12-28,21,109,13.374712691131498
2024-12-28,22,77,14.775767965367965
2024-12-28,23,94,14.178839893617022
2024-12-29,0,64,15.628504427083334
2024-12-29,1,49,13.595251700680272
2024-12-29,2,41,12.796731300813008
2024-12-29,3,44,13.854807196969695
2024-12-29,4,43,13.06473062015504
2024-12-29,5,36,12.710842129629631
2024-12-29,6,23,13.167750724637681
2024-12-29,7,24,12.506875694444446
2024-12-29,8,17,21.311769607843136
2024-12-29,9,17,12.206583333333334
2024-12-29,10,19,12.113329824561404
2024-12-29,11,18,13.981739814814814
2024-12-29,12,16,13.538685416666667
2024-12-29,13,31,16.55226129032258
2024-12-29,14,56,11.494283035714286
2024-12-29,15,82,13.457058739837398
2024-12-29,16,93,11.987086200716845
2024-12-29,17,113,13.14103156342183
2024-12-29,18,129,16.133617700258398
2024-12-29,19,103,12.371133980582524
2024-12-29,20,80,10.134602291666667
2024-12-29,21,80,13.625061249999998
2024-12-29,22,84,14.73113392857143
2024-12-29,23,96,14.340561631944444
2024-12-30,0,71,15.287491314553993
2024-12-30,1,48,13.757852777777778
2024-12-30,2,50,14.618749666666668
2024-12-30,3,43,14.591547286821706
2024-12-30,4,57,13.17137807017544
2024-12-30,5,37,11.633838738738739
2024-12-30,6,19,15.355178070175437
2024-12-30,7,6,11.030877777777777
2024-12-30,8,17,17.57906176470588
2024-12-30,9,14,15.679191666666668
2024-12-30,10,20,11.311385
2024-12-30,11,34,11.748860784313726
2024-12-30,12,66,12.36885707070707
2024-12-30,13,87,13.836359578544062
2024-12-30,14,43,11.87283449612403
2024-12-30,15,88,10.23243106060606
2024-12-30,16,120,13.011754305555554
2024-12-30,17,122,15.48941461748634
2024-12-30,18,214,14.998100700934579
2024-12-30,19,216,15.461902314814814
2024-12-30,20,237,16.68240070323488
2024-12-30,21,259,14.013752187902188
2024-12-30,22,217,13.65122296466974
2024-12-30,23,178,13.006744943820225
2024-12-31,0,154,13.293455735930737
2024-12-31,1,98,13.301954421768707
2024-12-31,2,81,13.530952057613169
2024-12-31,3,84,13.481282936507936
2024-12-31,4,58,12.494050574712643
2024-12-31,5,56,13.959481547619047
2024-12-31,6,33,16.659613131313133
2024-12-31,7,23,13.684058695652173
2024-12-31,8,13,7.0474525641025645
2024-12-31,9,10,13.009841666666665
2024-12-31,10,21,11.93171984126984
2024-12-31,11,31,12.731584946236561
2024-12-31,12,50,11.832461666666665
2024-12-31,13,88,9.68489734848485
2024-12-31,14,95,12.817743333333333
2024-12-31,15,141,14.581793617021278
2024-12-31,16,164,13.948510264227643
2024-12-31,17,197,13.714889763113367
2024-12-31,18,275,16.480247515151515
2024-12-31,19,259,16.19626364221364
2024-12-31,20,283,15.328200824499412
2024-12-31,21,279,14.712796833930705
2024-12-31,22,205,14.031910894308943
2024-12-31,23,159,13.927361530398324
2025-01-01,0,175,15.774766857142856
2025-01-01,1,119,15.265445518207283
2025-01-01,2,107,16.628948286604363
2025-01-01,3,144,17.68024803240741
2025-01-01,4,250,17.914187666666663
